,Date,Tm,Home_Away,Opp,W/L,R,RA,Inn,W-L,Rank,GB,Win,Loss,Save,Time,D/N,Attendance,Streak,Orig. Scheduled,Year,DOW,Double_Header
0,2014-03-31,TOR,@,TBR,L,2.0,9.0,9.0,0-1,4.0,1.0,Price,Dickey,None,3:04,D,31042.0,-1,,2014,Monday,
1,2014-04-01,TOR,@,TBR,W,4.0,2.0,9.0,1-1,2.0,0.5,Hutchison,Cobb,Santos,3:32,N,11113.0,1,,2014,Tuesday,
2,2014-04-02,TOR,@,TBR,W,3.0,0.0,9.0,2-1,1.0,up 0.5,Buehrle,Moore,Cecil,2:55,N,10808.0,2,,2014,Wednesday,
3,2014-04-03,TOR,@,TBR,L,2.0,7.0,9.0,2-2,2.0,0.5,Archer,Morrow,None,3:21,N,9571.0,-1,,2014,Thursday,
4,2014-04-04,TOR,Home,NYY,L,3.0,7.0,9.0,2-3,4.0,1.0,Tanaka,McGowan,None,3:26,N,48197.0,-2,,2014,Friday,
5,2014-04-05,TOR,Home,NYY,W,4.0,0.0,9.0,3-3,2.0,1.0,Dickey,Pineda,Santos,2:45,D,45446.0,1,,2014,Saturday,
6,2014-04-06,TOR,Home,NYY,L,4.0,6.0,9.0,3-4,3.0,1.0,Sabathia,Hutchison,Robertson,2:57,D,34067.0,-1,,2014,Sunday,
7,2014-04-08,TOR,Home,HOU,W,5.0,2.0,9.0,4-4,2.0,0.5,Buehrle,Oberholtzer,Santos,2:52,N,13123.0,1,,2014,Tuesday,
8,2014-04-09,TOR,Home,HOU,W,7.0,3.0,9.0,5-4,1.0,up 0.5,Morrow,Harrell,None,3:09,N,13569.0,2,,2014,Wednesday,
9,2014-04-10,TOR,Home,HOU,L,4.0,6.0,9.0,5-5,1.0,Tied,Keuchel,Dickey,Bass,2:49,N,15778.0,-1,,2014,Thursday,
10,2014-04-11,TOR,@,BAL,W,2.0,0.0,9.0,6-5,1.0,Tied,McGowan,Tillman,Santos,2:20,N,22327.0,1,,2014,Friday,
11,2014-04-12,TOR,@,BAL,L-wo,1.0,2.0,12.0,6-6,2.0,1.0,Britton,Redmond,None,3:39,N,30446.0,-1,,2014,Saturday,
12,2014-04-13,TOR,@,BAL,W,11.0,3.0,9.0,7-6,1.0,Tied,Buehrle,Jimenez,None,2:45,D,39281.0,1,,2014,Sunday,
13,2014-04-15,TOR,@,MIN,W,9.0,3.0,9.0,8-6,1.0,up 0.5,Loup,Hughes,None,3:31,N,21818.0,2,,2014,Tuesday,
14,2014-04-17,TOR,@,MIN,L,0.0,7.0,9.0,8-7,2.0,2.0,Gibson,Dickey,None,2:38,D,20507.0,-1,,2014,Thursday,(1)
15,2014-04-17,TOR,@,MIN,L,5.0,9.0,9.0,8-8,2.0,2.0,Fien,Santos,None,3:37,N,20698.0,-2,,2014,Thursday,(2)
16,2014-04-18,TOR,@,CLE,W,3.0,2.0,9.0,9-8,2.0,1.0,Delabar,Rzepczynski,Santos,3:15,N,16335.0,1,,2014,Friday,
17,2014-04-19,TOR,@,CLE,W,5.0,0.0,9.0,10-8,1.0,Tied,Buehrle,Kluber,None,2:42,D,15188.0,2,,2014,Saturday,
18,2014-04-20,TOR,@,CLE,L,4.0,6.0,9.0,10-9,2.0,1.0,Outman,Loup,Axford,2:55,D,11716.0,-1,,2014,Sunday,
19,2014-04-22,TOR,Home,BAL,W,9.0,3.0,9.0,11-9,2.0,1.0,Delabar,Meek,None,2:54,N,14866.0,1,,2014,Tuesday,
20,2014-04-23,TOR,Home,BAL,L,8.0,10.0,9.0,11-10,2.0,1.0,Tillman,Redmond,Hunter,3:11,N,15202.0,-1,,2014,Wednesday,
21,2014-04-24,TOR,Home,BAL,L,4.0,11.0,9.0,11-11,3.0,2.0,Norris,Cecil,None,2:54,N,16283.0,-2,,2014,Thursday,
22,2014-04-25,TOR,Home,BOS,L,1.0,8.0,9.0,11-12,3.0,2.0,Peavy,Buehrle,None,2:57,N,29411.0,-3,,2014,Friday,
23,2014-04-26,TOR,Home,BOS,L,6.0,7.0,9.0,11-13,4.0,3.0,Buchholz,Morrow,Uehara,3:23,D,40322.0,-4,,2014,Saturday,
24,2014-04-27,TOR,Home,BOS,W,7.0,1.0,9.0,12-13,3.0,3.0,Dickey,Lester,None,2:28,D,45260.0,1,,2014,Sunday,
25,2014-04-29,TOR,@,KCR,L,7.0,10.0,9.0,12-14,4.0,3.0,Crow,Cecil,None,3:08,N,10705.0,-1,,2014,Tuesday,
26,2014-04-30,TOR,@,KCR,L,2.0,4.0,9.0,12-15,4.0,3.5,Herrera,Hutchison,Holland,2:59,N,11715.0,-2,,2014,Wednesday,
27,2014-05-01,TOR,@,KCR,W,7.0,3.0,9.0,13-15,3.0,2.5,Buehrle,Guthrie,Loup,2:35,N,11207.0,1,,2014,Thursday,
28,2014-05-02,TOR,@,PIT,L-wo,5.0,6.0,9.0,13-16,5.0,3.0,Melancon,Santos,None,3:21,N,24547.0,-1,,2014,Friday,
29,2014-05-03,TOR,@,PIT,L,6.0,8.0,9.0,13-17,5.0,3.5,Morris,Redmond,Melancon,3:19,N,31439.0,-2,,2014,Saturday,
30,2014-05-04,TOR,@,PIT,W,7.0,2.0,9.0,14-17,5.0,2.5,McGowan,Volquez,None,2:49,D,29496.0,1,,2014,Sunday,
31,2014-05-05,TOR,@,PHI,W,3.0,0.0,9.0,15-17,3.0,1.5,Happ,Kendrick,Cecil,2:59,N,25275.0,2,,2014,Monday,
32,2014-05-06,TOR,@,PHI,W,6.0,5.0,10.0,16-17,3.0,1.5,Stroman,Bastardo,Loup,3:06,N,26057.0,3,,2014,Tuesday,
33,2014-05-07,TOR,Home,PHI,W,10.0,0.0,9.0,17-17,3.0,1.5,Buehrle,Lee,None,2:23,N,16446.0,4,,2014,Wednesday,
34,2014-05-08,TOR,Home,PHI,W,12.0,6.0,9.0,18-17,3.0,1.5,Dickey,Burnett,None,3:00,N,18158.0,5,,2014,Thursday,
35,2014-05-09,TOR,Home,LAA,L,3.0,4.0,9.0,18-18,3.0,2.5,Smith,Cecil,Frieri,3:09,N,21383.0,-1,,2014,Friday,
36,2014-05-10,TOR,Home,LAA,L,3.0,5.0,9.0,18-19,4.0,3.5,Skaggs,Happ,Smith,2:46,D,31412.0,-2,,2014,Saturday,
37,2014-05-11,TOR,Home,LAA,L,3.0,9.0,9.0,18-20,4.0,3.5,Weaver,Hutchison,None,3:24,D,20871.0,-3,,2014,Sunday,
38,2014-05-12,TOR,Home,LAA,W,7.0,3.0,9.0,19-20,4.0,2.5,Buehrle,Wilson,None,2:45,N,13603.0,1,,2014,Monday,
39,2014-05-13,TOR,Home,CLE,W,5.0,4.0,9.0,20-20,2.0,1.5,Dickey,Masterson,Janssen,2:29,N,13673.0,2,,2014,Tuesday,
40,2014-05-14,TOR,Home,CLE,L,4.0,15.0,9.0,20-21,4.0,1.5,Kluber,McGowan,None,3:37,N,14068.0,-1,,2014,Wednesday,
41,2014-05-15,TOR,Home,CLE,W,4.0,2.0,9.0,21-21,3.0,1.5,Happ,Salazar,Janssen,3:23,N,17364.0,1,,2014,Thursday,
42,2014-05-16,TOR,@,TEX,W,2.0,0.0,9.0,22-21,3.0,1.5,Hutchison,Darvish,None,2:27,N,39129.0,2,,2014,Friday,
43,2014-05-17,TOR,@,TEX,W,4.0,2.0,9.0,23-21,3.0,0.5,Delabar,Cotts,Janssen,3:09,N,39723.0,3,,2014,Saturday,
44,2014-05-18,TOR,@,TEX,L,2.0,6.0,9.0,23-22,3.0,1.0,Poreda,Dickey,None,2:52,D,43671.0,-1,,2014,Sunday,
45,2014-05-20,TOR,@,BOS,W,7.0,4.0,9.0,24-22,2.0,0.5,Happ,Doubront,Janssen,3:17,N,37904.0,1,,2014,Tuesday,
46,2014-05-21,TOR,@,BOS,W,6.0,4.0,9.0,25-22,1.0,Tied,Hutchison,Buchholz,Janssen,3:23,N,36116.0,2,,2014,Wednesday,
47,2014-05-22,TOR,@,BOS,W,7.0,2.0,9.0,26-22,1.0,up 1.0,Buehrle,Lester,None,2:58,D,36018.0,3,,2014,Thursday,
48,2014-05-23,TOR,Home,OAK,W,3.0,2.0,9.0,27-22,1.0,up 1.5,Hendriks,Kazmir,Janssen,2:37,N,21007.0,4,,2014,Friday,
49,2014-05-24,TOR,Home,OAK,W,5.0,2.0,9.0,28-22,1.0,up 2.0,Dickey,Chavez,Cecil,2:35,D,29372.0,5,,2014,Saturday,
50,2014-05-25,TOR,Home,OAK,W,3.0,1.0,9.0,29-22,1.0,up 2.0,Happ,Pomeranz,Janssen,3:08,D,45277.0,6,,2014,Sunday,
51,2014-05-26,TOR,Home,TBR,W,10.0,5.0,9.0,30-22,1.0,up 2.0,Hutchison,Bedard,None,2:58,N,15616.0,7,,2014,Monday,
52,2014-05-27,TOR,Home,TBR,W,9.0,6.0,9.0,31-22,1.0,up 3.0,Buehrle,Cobb,Janssen,3:00,N,15993.0,8,,2014,Tuesday,
53,2014-05-28,TOR,Home,TBR,W-wo,3.0,2.0,9.0,32-22,1.0,up 3.0,Loup,Oviedo,None,3:23,N,17309.0,9,,2014,Wednesday,
54,2014-05-29,TOR,Home,KCR,L,6.0,8.0,10.0,32-23,1.0,up 2.5,Davis,Redmond,Holland,3:26,N,17978.0,-1,,2014,Thursday,
55,2014-05-30,TOR,Home,KCR,L,1.0,6.0,9.0,32-24,1.0,up 2.5,Vargas,Happ,None,3:01,N,21543.0,-2,,2014,Friday,
56,2014-05-31,TOR,Home,KCR,W,12.0,2.0,9.0,33-24,1.0,up 2.5,Stroman,Brooks,Redmond,2:53,D,31652.0,1,,2014,Saturday,
57,2014-06-01,TOR,Home,KCR,W,4.0,0.0,9.0,34-24,1.0,up 3.5,Buehrle,Guthrie,None,2:14,D,38008.0,2,,2014,Sunday,
58,2014-06-03,TOR,@,DET,W,5.0,3.0,9.0,35-24,1.0,up 4.5,McGowan,Nathan,Janssen,2:51,N,33488.0,3,,2014,Tuesday,
59,2014-06-04,TOR,@,DET,W,8.0,2.0,9.0,36-24,1.0,up 4.5,Dickey,Porcello,None,3:14,N,32033.0,4,,2014,Wednesday,
60,2014-06-05,TOR,@,DET,W,7.0,3.0,9.0,37-24,1.0,up 5.5,Happ,Verlander,Janssen,2:52,D,39440.0,5,,2014,Thursday,
61,2014-06-06,TOR,Home,STL,W,3.0,1.0,9.0,38-24,1.0,up 6.0,Stroman,Lynn,Janssen,3:12,N,33528.0,6,,2014,Friday,
62,2014-06-07,TOR,Home,STL,L,0.0,5.0,9.0,38-25,1.0,up 5.5,Miller,Buehrle,None,2:37,D,42981.0,-1,,2014,Saturday,
63,2014-06-08,TOR,Home,STL,L,0.0,5.0,9.0,38-26,1.0,up 5.5,Garcia,Hutchison,None,2:42,D,45726.0,-2,,2014,Sunday,
64,2014-06-09,TOR,Home,MIN,W-wo,5.0,4.0,9.0,39-26,1.0,up 5.5,Janssen,Guerrier,None,2:53,N,19428.0,1,,2014,Monday,
65,2014-06-10,TOR,Home,MIN,L,0.0,4.0,9.0,39-27,1.0,up 5.5,Correia,Happ,None,3:07,N,20681.0,-1,,2014,Tuesday,
66,2014-06-11,TOR,Home,MIN,L,2.0,7.0,9.0,39-28,1.0,up 4.5,Hughes,Stroman,Fien,2:57,D,45080.0,-2,,2014,Wednesday,
67,2014-06-12,TOR,@,BAL,L,2.0,4.0,9.0,39-29,1.0,up 3.5,Gausman,Buehrle,Britton,2:59,N,17403.0,-3,,2014,Thursday,
68,2014-06-13,TOR,@,BAL,W,4.0,0.0,9.0,40-29,1.0,up 3.5,Hutchison,Jimenez,McGowan,2:44,N,44031.0,1,,2014,Friday,
69,2014-06-14,TOR,@,BAL,L,2.0,3.0,9.0,40-30,1.0,up 3.5,Norris,Dickey,Britton,3:02,D,33901.0,-1,,2014,Saturday,
70,2014-06-15,TOR,@,BAL,W,5.0,2.0,9.0,41-30,1.0,up 4.5,Happ,Tillman,Janssen,3:07,D,46469.0,1,,2014,Sunday,
71,2014-06-17,TOR,@,NYY,L,1.0,3.0,9.0,41-31,1.0,up 3.5,Tanaka,Stroman,Robertson,3:07,N,41834.0,-1,,2014,Tuesday,
72,2014-06-18,TOR,@,NYY,L,3.0,7.0,9.0,41-32,1.0,up 2.5,Whitley,Buehrle,None,3:02,N,41342.0,-2,,2014,Wednesday,
73,2014-06-19,TOR,@,NYY,L,4.0,6.0,9.0,41-33,1.0,up 1.5,Phelps,Hutchison,Warren,3:47,N,40169.0,-3,,2014,Thursday,
74,2014-06-20,TOR,@,CIN,W,14.0,9.0,9.0,42-33,1.0,up 1.5,McGowan,Chapman,None,4:00,N,33103.0,1,,2014,Friday,
75,2014-06-21,TOR,@,CIN,L,1.0,11.0,9.0,42-34,1.0,up 1.5,Leake,Happ,None,2:35,D,42530.0,-1,,2014,Saturday,
76,2014-06-22,TOR,@,CIN,L,3.0,4.0,9.0,42-35,1.0,up 1.5,Cueto,Dickey,Chapman,2:42,D,36089.0,-2,,2014,Sunday,
77,2014-06-23,TOR,Home,NYY,W,8.0,3.0,9.0,43-35,1.0,up 1.5,Stroman,Whitley,None,2:45,N,31554.0,1,,2014,Monday,
78,2014-06-24,TOR,Home,NYY,W-wo,7.0,6.0,9.0,44-35,1.0,up 2.5,Janssen,Warren,None,3:05,N,34206.0,2,,2014,Tuesday,
79,2014-06-25,TOR,Home,NYY,L,3.0,5.0,9.0,44-36,1.0,up 1.5,Kuroda,Hutchison,Robertson,3:02,N,34710.0,-1,,2014,Wednesday,
80,2014-06-26,TOR,Home,CHW,W,7.0,0.0,9.0,45-36,1.0,up 2.0,Happ,Carroll,None,3:00,N,23248.0,1,,2014,Thursday,
81,2014-06-27,TOR,Home,CHW,L,4.0,5.0,9.0,45-37,1.0,up 1.5,Danks,Dickey,Petricka,2:58,N,24173.0,-1,,2014,Friday,
82,2014-06-28,TOR,Home,CHW,L,3.0,4.0,9.0,45-38,1.0,up 1.5,Sale,McGowan,Putnam,2:58,D,39623.0,-2,,2014,Saturday,
83,2014-06-29,TOR,Home,CHW,L,0.0,4.0,9.0,45-39,1.0,up 1.5,Quintana,Buehrle,None,2:32,D,33177.0,-3,,2014,Sunday,
84,2014-07-01,TOR,Home,MIL,W,4.0,1.0,9.0,46-39,1.0,up 1.0,Hutchison,Estrada,Janssen,2:56,D,45088.0,1,,2014,Tuesday,
85,2014-07-02,TOR,Home,MIL,W-wo,7.0,4.0,9.0,47-39,1.0,up 1.0,Janssen,Smith,None,3:01,D,24286.0,2,,2014,Wednesday,
86,2014-07-03,TOR,@,OAK,L,1.0,4.0,9.0,47-40,1.0,Tied,Gray,Dickey,Doolittle,2:23,N,32913.0,-1,,2014,Thursday,
87,2014-07-04,TOR,@,OAK,L-wo,0.0,1.0,12.0,47-41,2.0,0.5,Otero,Jenkins,None,4:05,D,22322.0,-2,,2014,Friday,
88,2014-07-05,TOR,@,OAK,L,1.0,5.0,9.0,47-42,2.0,1.0,Kazmir,Buehrle,None,2:37,N,20236.0,-3,,2014,Saturday,
89,2014-07-06,TOR,@,OAK,L,2.0,4.0,9.0,47-43,2.0,2.0,Samardzija,Hutchison,Doolittle,2:46,D,22897.0,-4,,2014,Sunday,
90,2014-07-07,TOR,@,LAA,L,2.0,5.0,9.0,47-44,2.0,3.0,Shoemaker,Happ,Smith,3:16,N,38189.0,-5,,2014,Monday,
91,2014-07-08,TOR,@,LAA,W,4.0,0.0,9.0,48-44,2.0,2.5,Dickey,Skaggs,None,2:45,N,38111.0,1,,2014,Tuesday,
92,2014-07-09,TOR,@,LAA,L,7.0,8.0,9.0,48-45,2.0,2.5,Grilli,Loup,Smith,3:47,D,35726.0,-1,,2014,Wednesday,
93,2014-07-11,TOR,@,TBR,W,8.0,5.0,9.0,49-45,2.0,3.0,Loup,Balfour,Janssen,3:41,N,17533.0,1,,2014,Friday,
94,2014-07-12,TOR,@,TBR,L,3.0,10.0,9.0,49-46,2.0,3.0,Odorizzi,Hutchison,None,3:19,D,22693.0,-1,,2014,Saturday,
95,2014-07-13,TOR,@,TBR,L,0.0,3.0,9.0,49-47,2.0,4.0,Price,Dickey,McGee,2:45,D,17187.0,-2,,2014,Sunday,
96,2014-07-18,TOR,Home,TEX,L,1.0,5.0,9.0,49-48,2.0,4.0,Darvish,Dickey,None,2:56,N,38012.0,-3,,2014,Friday,
97,2014-07-19,TOR,Home,TEX,W,4.0,1.0,9.0,50-48,2.0,4.0,Stroman,Lewis,Loup,3:02,D,45802.0,1,,2014,Saturday,
98,2014-07-20,TOR,Home,TEX,W,9.0,6.0,9.0,51-48,2.0,3.0,Redmond,Feliz,Loup,3:07,D,36011.0,2,,2014,Sunday,
99,2014-07-21,TOR,Home,BOS,L,1.0,14.0,9.0,51-49,2.0,4.0,Lackey,Hutchison,None,2:45,N,27905.0,-1,,2014,Monday,
100,2014-07-22,TOR,Home,BOS,W,7.0,3.0,9.0,52-49,2.0,4.0,Happ,Peavy,Cecil,3:07,N,29269.0,1,,2014,Tuesday,
101,2014-07-23,TOR,Home,BOS,W,6.0,4.0,9.0,53-49,2.0,3.0,Dickey,Buchholz,Janssen,2:35,N,35696.0,2,,2014,Wednesday,
102,2014-07-24,TOR,Home,BOS,W,8.0,0.0,9.0,54-49,2.0,3.0,Stroman,De La Rosa,None,2:56,D,46683.0,3,,2014,Thursday,
103,2014-07-25,TOR,@,NYY,L,4.0,6.0,9.0,54-50,3.0,4.0,Kuroda,Buehrle,Robertson,2:40,N,44237.0,-1,,2014,Friday,
104,2014-07-26,TOR,@,NYY,W,6.0,4.0,9.0,55-50,2.0,3.0,Hutchison,Kelley,None,3:14,D,46166.0,1,,2014,Saturday,
105,2014-07-27,TOR,@,NYY,W,5.0,4.0,9.0,56-50,2.0,3.0,Sanchez,Robertson,Janssen,3:22,D,45063.0,2,,2014,Sunday,
106,2014-07-28,TOR,@,BOS,W,14.0,1.0,9.0,57-50,2.0,2.5,Dickey,Buchholz,None,3:15,N,37974.0,3,,2014,Monday,
107,2014-07-29,TOR,@,BOS,W,4.0,2.0,9.0,58-50,2.0,2.5,Stroman,De La Rosa,Janssen,3:03,N,38275.0,4,,2014,Tuesday,
108,2014-07-30,TOR,@,BOS,W,6.0,1.0,9.0,59-50,2.0,2.5,Buehrle,Workman,None,2:48,N,38203.0,5,,2014,Wednesday,
109,2014-07-31,TOR,@,HOU,W,6.0,5.0,9.0,60-50,2.0,1.5,Sanchez,Qualls,Janssen,2:46,N,17423.0,6,,2014,Thursday,
110,2014-08-01,TOR,@,HOU,L,1.0,3.0,9.0,60-51,2.0,2.5,Veras,Loup,Qualls,2:46,N,19576.0,-1,,2014,Friday,
111,2014-08-02,TOR,@,HOU,L,2.0,8.0,9.0,60-52,2.0,2.5,Oberholtzer,Dickey,None,2:38,N,19946.0,-2,,2014,Saturday,
112,2014-08-03,TOR,@,HOU,L,1.0,6.0,9.0,60-53,2.0,3.5,Feldman,Stroman,None,2:39,D,19932.0,-3,,2014,Sunday,
113,2014-08-05,TOR,Home,BAL,L,3.0,9.0,9.0,60-54,2.0,5.0,Norris,Buehrle,None,3:29,N,36183.0,-4,,2014,Tuesday,
114,2014-08-06,TOR,Home,BAL,W,5.0,1.0,9.0,61-54,2.0,4.0,Hutchison,Chen,None,2:41,N,33054.0,1,,2014,Wednesday,
115,2014-08-07,TOR,Home,BAL,L,1.0,2.0,9.0,61-55,2.0,5.0,Gonzalez,Happ,Britton,2:59,N,34676.0,-1,,2014,Thursday,
116,2014-08-08,TOR,Home,DET,L,4.0,5.0,9.0,61-56,3.0,6.0,Alburquerque,Janssen,Nathan,3:19,N,36237.0,-2,,2014,Friday,
117,2014-08-09,TOR,Home,DET,W-wo,3.0,2.0,10.0,62-56,2.0,6.0,Loup,Chamberlain,None,2:50,D,45927.0,1,,2014,Saturday,
118,2014-08-10,TOR,Home,DET,W-wo,6.0,5.0,19.0,63-56,2.0,5.0,Jenkins,Porcello,None,6:37,D,46126.0,2,,2014,Sunday,
119,2014-08-11,TOR,@,SEA,L,1.0,11.0,9.0,63-57,2.0,6.0,Hernandez,Hutchison,None,2:43,N,41168.0,-1,,2014,Monday,
120,2014-08-12,TOR,@,SEA,L,3.0,6.0,9.0,63-58,2.0,6.5,Young,Happ,Rodney,2:41,N,26076.0,-2,,2014,Tuesday,
121,2014-08-13,TOR,@,SEA,L,0.0,2.0,9.0,63-59,2.0,7.5,Iwakuma,Dickey,Rodney,2:41,N,32368.0,-3,,2014,Wednesday,
122,2014-08-15,TOR,@,CHW,L,5.0,11.0,9.0,63-60,2.0,7.5,Noesi,Stroman,None,3:22,N,22739.0,-4,,2014,Friday,
123,2014-08-16,TOR,@,CHW,W,6.0,3.0,9.0,64-60,2.0,6.5,Cecil,Lindstrom,Janssen,2:54,N,29420.0,1,,2014,Saturday,
124,2014-08-17,TOR,@,CHW,L,5.0,7.0,9.0,64-61,3.0,7.5,Carroll,Hutchison,Petricka,3:00,D,25761.0,-1,,2014,Sunday,
125,2014-08-19,TOR,@,MIL,L,1.0,6.0,9.0,64-62,3.0,9.0,Fiers,Happ,None,2:39,N,42221.0,-2,,2014,Tuesday,
126,2014-08-20,TOR,@,MIL,W,9.0,5.0,9.0,65-62,2.0,9.0,Dickey,Nelson,None,3:23,D,39300.0,1,,2014,Wednesday,
127,2014-08-22,TOR,Home,TBR,L,0.0,8.0,9.0,65-63,3.0,9.0,Smyly,Stroman,None,2:45,N,28506.0,-1,,2014,Friday,
128,2014-08-23,TOR,Home,TBR,W &V;,5.0,4.0,10.0,66-63,3.0,8.0,McGowan,Peralta,None,3:19,D,37451.0,1,,2014,Saturday,
129,2014-08-24,TOR,Home,TBR,L,1.0,2.0,10.0,66-64,3.0,8.0,McGee,Santos,Boxberger,3:28,D,38869.0,-1,,2014,Sunday,
130,2014-08-25,TOR,Home,BOS,L,3.0,4.0,10.0,66-65,3.0,9.0,Uehara,Sanchez,Breslow,3:07,N,26041.0,-2,,2014,Monday,
131,2014-08-26,TOR,Home,BOS,L,7.0,11.0,11.0,66-66,3.0,10.0,Tazawa,Janssen,None,4:33,N,27321.0,-3,,2014,Tuesday,
132,2014-08-27,TOR,Home,BOS,W,5.0,2.0,9.0,67-66,3.0,9.0,Stroman,Layne,Cecil,2:38,N,30285.0,1,,2014,Wednesday,
133,2014-08-29,TOR,Home,NYY,L,3.0,6.0,9.0,67-67,3.0,10.5,Capuano,Buehrle,Robertson,3:20,N,43318.0,-1,,2014,Friday,
134,2014-08-30,TOR,Home,NYY,W,2.0,0.0,9.0,68-67,3.0,10.5,Hutchison,Pineda,Sanchez,2:32,D,45863.0,1,,2014,Saturday,
135,2014-08-31,TOR,Home,NYY,W,4.0,3.0,9.0,69-67,3.0,10.5,Happ,McCarthy,Janssen,2:28,D,45678.0,2,,2014,Sunday,
136,2014-09-02,TOR,@,TBR,W,8.0,2.0,9.0,70-67,3.0,10.0,Dickey,Hellickson,None,3:07,N,10125.0,3,,2014,Tuesday,
137,2014-09-03,TOR,@,TBR,W,7.0,4.0,9.0,71-67,3.0,10.0,Stroman,Archer,Sanchez,3:09,N,10264.0,4,,2014,Wednesday,
138,2014-09-04,TOR,@,TBR,W,1.0,0.0,10.0,72-67,3.0,10.0,Cecil,Geltz,Janssen,2:49,N,10392.0,5,,2014,Thursday,
139,2014-09-05,TOR,@,BOS,L-wo,8.0,9.0,10.0,72-68,3.0,10.0,Layne,Janssen,None,3:53,N,35667.0,-1,,2014,Friday,
140,2014-09-06,TOR,@,BOS,L,3.0,4.0,9.0,72-69,3.0,10.0,Buchholz,Happ,Mujica,3:23,N,36677.0,-2,,2014,Saturday,
141,2014-09-07,TOR,@,BOS,W,3.0,1.0,9.0,73-69,3.0,10.0,Dickey,De La Rosa,Janssen,2:44,D,36261.0,1,,2014,Sunday,
142,2014-09-08,TOR,Home,CHC,W,8.0,0.0,9.0,74-69,2.0,10.0,Stroman,Turner,None,2:20,N,16879.0,2,,2014,Monday,
143,2014-09-09,TOR,Home,CHC,W,9.0,2.0,9.0,75-69,2.0,10.0,Buehrle,Ramirez,None,3:04,N,17903.0,3,,2014,Tuesday,
144,2014-09-10,TOR,Home,CHC,W,11.0,1.0,9.0,76-69,2.0,10.0,Hutchison,Hendricks,None,3:12,N,19411.0,4,,2014,Wednesday,
145,2014-09-12,TOR,Home,TBR,L,0.0,1.0,9.0,76-70,2.0,11.5,Karns,Happ,Balfour,2:55,N,19909.0,-1,,2014,Friday,
146,2014-09-13,TOR,Home,TBR,W,6.0,3.0,9.0,77-70,2.0,10.5,Dickey,Boxberger,Janssen,2:40,D,31368.0,1,,2014,Saturday,
147,2014-09-14,TOR,Home,TBR,L,5.0,6.0,10.0,77-71,2.0,11.5,McGee,Morrow,Beliveau,3:26,D,28633.0,-1,,2014,Sunday,
148,2014-09-15,TOR,@,BAL,L,2.0,5.0,9.0,77-72,2.0,12.5,Chen,Stroman,Britton,3:12,N,25061.0,-2,,2014,Monday,
149,2014-09-16,TOR,@,BAL,L,2.0,8.0,9.0,77-73,2.0,13.5,Jimenez,Hutchison,None,3:02,N,35297.0,-3,,2014,Tuesday,
150,2014-09-17,TOR,@,BAL,L,1.0,6.0,9.0,77-74,2.0,14.5,Norris,Happ,None,3:13,N,37537.0,-4,,2014,Wednesday,
151,2014-09-18,TOR,@,NYY,L-wo,2.0,3.0,9.0,77-75,3.0,15.0,Robertson,Sanchez,None,2:39,N,34279.0,-5,,2014,Thursday,
152,2014-09-19,TOR,@,NYY,L,3.0,5.0,9.0,77-76,3.0,15.0,Kuroda,Buehrle,Warren,2:44,N,40059.0,-6,,2014,Friday,
153,2014-09-20,TOR,@,NYY,W,6.0,3.0,9.0,78-76,3.0,15.0,Stroman,Capuano,Janssen,3:18,D,47292.0,1,,2014,Saturday,
154,2014-09-21,TOR,@,NYY,L,2.0,5.0,9.0,78-77,3.0,15.0,Tanaka,Hutchison,Robertson,3:09,D,48144.0,-1,,2014,Sunday,
155,2014-09-22,TOR,Home,SEA,W,14.0,4.0,9.0,79-77,3.0,14.0,Happ,Paxton,None,2:48,N,15548.0,1,,2014,Monday,
156,2014-09-23,TOR,Home,SEA,W,10.0,2.0,9.0,80-77,3.0,14.0,Dickey,Hernandez,None,2:36,N,16272.0,2,,2014,Tuesday,
157,2014-09-24,TOR,Home,SEA,W,1.0,0.0,9.0,81-77,2.0,14.0,Buehrle,Walker,Sanchez,1:59,N,16836.0,3,,2014,Wednesday,
158,2014-09-25,TOR,Home,SEA,L,5.0,7.0,9.0,81-78,3.0,14.0,Medina,Loup,Rodney,3:02,D,17173.0,-1,,2014,Thursday,
159,2014-09-26,TOR,Home,BAL,W,4.0,2.0,9.0,82-78,3.0,13.0,Hutchison,Tillman,Stroman,2:36,N,27037.0,1,,2014,Friday,
160,2014-09-27,TOR,Home,BAL,W,4.0,2.0,9.0,83-78,2.0,12.0,Happ,Chen,Janssen,2:25,D,37996.0,2,,2014,Saturday,
161,2014-09-28,TOR,Home,BAL,L,0.0,1.0,9.0,83-79,3.0,13.0,Gonzalez,Dickey,Britton,2:26,D,45901.0,-1,,2014,Sunday,
162,2015-04-06,TOR,@,NYY,W,6.0,1.0,9.0,1-0,1.0,Tied,Hutchison,Tanaka,None,2:59,D,48469.0,1,,2015,Monday,
163,2015-04-08,TOR,@,NYY,L,3.0,4.0,9.0,1-1,2.0,0.5,Betances,Loup,Miller,2:56,N,31020.0,-1,,2015,Wednesday,
164,2015-04-09,TOR,@,NYY,W,6.0,3.0,9.0,2-1,1.0,Tied,Norris,Sabathia,Castro,2:52,N,32152.0,1,,2015,Thursday,
165,2015-04-10,TOR,@,BAL,W,12.0,5.0,9.0,3-1,1.0,Tied,Buehrle,Norris,None,2:45,D,45936.0,2,,2015,Friday,
166,2015-04-11,TOR,@,BAL,L,1.0,7.0,9.0,3-2,2.0,1.0,Jimenez,Sanchez,None,2:34,N,38897.0,-1,,2015,Saturday,
167,2015-04-12,TOR,@,BAL,W,10.0,7.0,9.0,4-2,1.0,Tied,Loup,Tillman,Castro,3:17,D,32522.0,1,,2015,Sunday,
168,2015-04-13,TOR,Home,TBR,L,1.0,2.0,9.0,4-3,2.0,1.0,Odorizzi,Dickey,Boxberger,2:30,N,48414.0,-1,,2015,Monday,
169,2015-04-14,TOR,Home,TBR,L,2.0,3.0,9.0,4-4,3.0,2.0,Geltz,Castro,Jepsen,3:06,N,17264.0,-2,,2015,Tuesday,
170,2015-04-15,TOR,Home,TBR,W,12.0,7.0,9.0,5-4,2.0,1.0,Buehrle,Ramirez,None,3:02,N,15086.0,1,,2015,Wednesday,
171,2015-04-16,TOR,Home,TBR,L,2.0,4.0,9.0,5-5,4.0,1.5,Archer,Sanchez,Boxberger,3:00,N,14433.0,-1,,2015,Thursday,
172,2015-04-17,TOR,Home,ATL,L,7.0,8.0,9.0,5-6,4.0,2.5,Martin,Cecil,Grilli,3:09,N,21397.0,-2,,2015,Friday,
173,2015-04-18,TOR,Home,ATL,W-wo,6.0,5.0,10.0,6-6,3.0,1.5,Cecil,Marimon,None,2:41,D,34743.0,1,,2015,Saturday,
174,2015-04-19,TOR,Home,ATL,L,2.0,5.0,9.0,6-7,4.0,1.5,Miller,Norris,Grilli,2:41,D,44794.0,-1,,2015,Sunday,
175,2015-04-21,TOR,Home,BAL,W,13.0,6.0,9.0,7-7,2.0,2.0,Buehrle,Norris,None,2:53,N,14184.0,1,,2015,Tuesday,
176,2015-04-22,TOR,Home,BAL,W,4.0,2.0,9.0,8-7,2.0,1.0,Sanchez,Jimenez,Castro,2:36,N,15606.0,2,,2015,Wednesday,
177,2015-04-23,TOR,Home,BAL,W,7.0,6.0,9.0,9-7,1.0,Tied,Hutchison,Tillman,Castro,2:36,N,18581.0,3,,2015,Thursday,
178,2015-04-24,TOR,@,TBR,L,3.0,12.0,9.0,9-8,3.0,1.0,Dominguez,Dickey,Andriese,2:29,N,11897.0,-1,,2015,Friday,
179,2015-04-25,TOR,@,TBR,L,2.0,4.0,9.0,9-9,4.0,1.0,Frieri,Cecil,Boxberger,2:31,N,19772.0,-2,,2015,Saturday,
180,2015-04-26,TOR,@,TBR,L,1.0,5.0,9.0,9-10,4.0,2.0,Archer,Buehrle,None,2:23,D,21107.0,-3,,2015,Sunday,
181,2015-04-27,TOR,@,BOS,L-wo,5.0,6.0,9.0,9-11,5.0,3.0,Uehara,Castro,None,2:48,N,34739.0,-4,,2015,Monday,
182,2015-04-28,TOR,@,BOS,W,11.0,8.0,9.0,10-11,4.0,3.0,Estrada,Buchholz,Cecil,4:01,N,33920.0,1,,2015,Tuesday,
183,2015-04-29,TOR,@,BOS,L,1.0,4.0,9.0,10-12,5.0,3.0,Porcello,Dickey,Uehara,2:43,N,34220.0,-1,,2015,Wednesday,
184,2015-04-30,TOR,@,CLE,W,5.0,1.0,9.0,11-12,5.0,2.5,Francis,House,None,2:46,N,9798.0,1,,2015,Thursday,
185,2015-05-01,TOR,@,CLE,L,4.0,9.0,9.0,11-13,5.0,3.5,Carrasco,Buehrle,None,2:37,N,15088.0,-1,,2015,Friday,
186,2015-05-02,TOR,@,CLE,W,11.0,4.0,9.0,12-13,5.0,3.5,Sanchez,Kluber,None,3:23,D,18008.0,1,,2015,Saturday,
187,2015-05-03,TOR,@,CLE,L,7.0,10.0,9.0,12-14,5.0,4.5,Rzepczynski,Francis,None,3:06,D,16128.0,-1,,2015,Sunday,
188,2015-05-04,TOR,Home,NYY,W,3.0,1.0,9.0,13-14,4.0,3.5,Dickey,Martin,Cecil,2:18,N,19217.0,1,,2015,Monday,
189,2015-05-05,TOR,Home,NYY,L,3.0,6.0,9.0,13-15,5.0,4.5,Pineda,Estrada,Miller,2:54,N,21519.0,-1,,2015,Tuesday,
190,2015-05-06,TOR,Home,NYY,W,5.0,1.0,9.0,14-15,3.0,3.5,Buehrle,Sabathia,None,2:30,N,21312.0,1,,2015,Wednesday,
191,2015-05-08,TOR,Home,BOS,W,7.0,0.0,9.0,15-15,3.0,4.0,Sanchez,Miley,None,2:41,N,30430.0,2,,2015,Friday,
192,2015-05-09,TOR,Home,BOS,W,7.0,1.0,9.0,16-15,3.0,3.0,Hutchison,Kelly,None,3:12,D,42917.0,3,,2015,Saturday,
193,2015-05-10,TOR,Home,BOS,L,3.0,6.0,9.0,16-16,3.0,4.0,Buchholz,Dickey,Uehara,2:38,D,42419.0,-1,,2015,Sunday,
194,2015-05-11,TOR,@,BAL,L,2.0,5.0,9.0,16-17,3.0,5.0,Jimenez,Estrada,Britton,2:43,N,20468.0,-2,,2015,Monday,
195,2015-05-12,TOR,@,BAL,W,10.0,2.0,9.0,17-17,3.0,4.0,Buehrle,Tillman,None,2:37,N,17319.0,1,,2015,Tuesday,
196,2015-05-13,TOR,@,BAL,L,1.0,6.0,9.0,17-18,3.0,4.0,Gonzalez,Sanchez,O'Day,2:39,N,24654.0,-1,,2015,Wednesday,
197,2015-05-14,TOR,@,HOU,L,4.0,6.0,9.0,17-19,4.0,4.0,Fields,Loup,Qualls,2:48,N,15777.0,-2,,2015,Thursday,
198,2015-05-15,TOR,@,HOU,L,4.0,8.0,9.0,17-20,4.0,4.0,Keuchel,Dickey,None,2:29,N,21653.0,-3,,2015,Friday,
199,2015-05-16,TOR,@,HOU,L,5.0,6.0,9.0,17-21,4.0,5.0,Feldman,Francis,Gregerson,3:08,N,27102.0,-4,,2015,Saturday,
200,2015-05-17,TOR,@,HOU,L,2.0,4.0,9.0,17-22,5.0,5.0,McHugh,Buehrle,Gregerson,2:22,D,25307.0,-5,,2015,Sunday,
201,2015-05-18,TOR,Home,LAA,W,10.0,6.0,9.0,18-22,5.0,4.5,Osuna,Morin,None,3:28,D,29306.0,1,,2015,Monday,
202,2015-05-19,TOR,Home,LAA,L,2.0,3.0,9.0,18-23,5.0,4.5,Santiago,Sanchez,Street,2:32,N,15062.0,-1,,2015,Tuesday,
203,2015-05-20,TOR,Home,LAA,L,3.0,4.0,9.0,18-24,5.0,4.5,Weaver,Hutchison,Street,2:36,N,16402.0,-2,,2015,Wednesday,
204,2015-05-21,TOR,Home,LAA,W,8.0,4.0,9.0,19-24,5.0,4.5,Dickey,Shoemaker,None,2:22,N,19014.0,1,,2015,Thursday,
205,2015-05-22,TOR,Home,SEA,L,3.0,4.0,9.0,19-25,5.0,5.5,Hernandez,Estrada,Rodney,2:30,N,21195.0,-1,,2015,Friday,
206,2015-05-23,TOR,Home,SEA,L,2.0,3.0,9.0,19-26,5.0,5.5,Paxton,Buehrle,Rodney,2:25,D,33086.0,-2,,2015,Saturday,
207,2015-05-24,TOR,Home,SEA,W,8.0,2.0,9.0,20-26,5.0,4.5,Sanchez,Walker,None,2:50,D,37929.0,1,,2015,Sunday,
208,2015-05-25,TOR,Home,CHW,W,6.0,0.0,9.0,21-26,5.0,3.5,Hutchison,Noesi,None,2:10,N,15168.0,2,,2015,Monday,
209,2015-05-26,TOR,Home,CHW,W-wo,10.0,9.0,9.0,22-26,4.0,3.0,Delabar,Robertson,None,3:12,N,17276.0,3,,2015,Tuesday,
210,2015-05-27,TOR,Home,CHW,L,3.0,5.0,10.0,22-27,4.0,4.0,Robertson,Osuna,None,3:31,D,15463.0,-1,,2015,Wednesday,
211,2015-05-29,TOR,@,MIN,W,6.0,4.0,9.0,23-27,4.0,2.5,Buehrle,Perkins,None,2:15,N,24509.0,1,,2015,Friday,
212,2015-05-30,TOR,@,MIN,L,2.0,3.0,9.0,23-28,4.0,3.5,Pressly,Loup,Boyer,2:41,D,32076.0,-1,,2015,Saturday,
213,2015-05-31,TOR,@,MIN,L,5.0,6.0,9.0,23-29,4.0,3.5,Pressly,Osuna,Perkins,3:08,D,33829.0,-2,,2015,Sunday,
214,2015-06-02,TOR,@,WSN,L,0.0,2.0,9.0,23-30,4.0,4.5,Zimmermann,Dickey,Storen,2:17,D,23192.0,-3,,2015,Tuesday,(1)
215,2015-06-02,TOR,@,WSN,W,7.0,3.0,9.0,24-30,4.0,4.5,Estrada,Scherzer,None,3:04,N,25765.0,1,,2015,Tuesday,(2)
216,2015-06-03,TOR,@,WSN,W,8.0,0.0,9.0,25-30,3.0,4.5,Buehrle,Jordan,None,2:13,N,33654.0,2,,2015,Wednesday,
217,2015-06-05,TOR,Home,HOU,W,6.0,2.0,9.0,26-30,3.0,4.5,Sanchez,Hernandez,None,2:35,N,22971.0,3,,2015,Friday,
218,2015-06-06,TOR,Home,HOU,W,7.0,2.0,9.0,27-30,3.0,4.5,Hutchison,Oberholtzer,None,3:16,D,31809.0,4,,2015,Saturday,
219,2015-06-07,TOR,Home,HOU,W-wo,7.0,6.0,9.0,28-30,3.0,4.5,Hendriks,Gregerson,None,3:06,D,35571.0,5,,2015,Sunday,
220,2015-06-08,TOR,Home,MIA,W,11.0,3.0,9.0,29-30,3.0,4.0,Estrada,Hand,None,2:47,N,17582.0,6,,2015,Monday,
221,2015-06-09,TOR,Home,MIA,W-wo,4.0,3.0,9.0,30-30,3.0,4.0,Hendriks,Ramos,None,2:16,N,20558.0,7,,2015,Tuesday,
222,2015-06-10,TOR,Home,MIA,W,7.0,2.0,9.0,31-30,3.0,3.0,Copeland,Koehler,None,2:08,D,44106.0,8,,2015,Wednesday,
223,2015-06-12,TOR,@,BOS,W,13.0,10.0,9.0,32-30,3.0,2.0,Delabar,Tazawa,Cecil,3:24,N,37575.0,9,,2015,Friday,
224,2015-06-13,TOR,@,BOS,W,5.0,4.0,11.0,33-30,3.0,1.0,Loup,Barnes,Cecil,3:26,D,37158.0,10,,2015,Saturday,
225,2015-06-14,TOR,@,BOS,W,13.0,5.0,9.0,34-30,3.0,1.0,Estrada,Rodriguez,None,3:12,D,36296.0,11,,2015,Sunday,
226,2015-06-15,TOR,@,NYM,L-wo,3.0,4.0,11.0,34-31,3.0,2.0,Robles,Cecil,None,3:26,N,22172.0,-1,,2015,Monday,
227,2015-06-16,TOR,@,NYM,L,2.0,3.0,9.0,34-32,3.0,2.0,Harvey,Copeland,Parnell,2:35,N,24522.0,-2,,2015,Tuesday,
228,2015-06-17,TOR,Home,NYM,W,8.0,0.0,9.0,35-32,3.0,2.0,Hutchison,Niese,None,2:33,N,28906.0,1,,2015,Wednesday,
229,2015-06-18,TOR,Home,NYM,W,7.0,1.0,9.0,36-32,3.0,2.0,Dickey,Colon,None,2:34,N,27588.0,2,,2015,Thursday,
230,2015-06-19,TOR,Home,BAL,W,5.0,4.0,9.0,37-32,3.0,2.0,Estrada,Wright,Cecil,3:07,N,32322.0,3,,2015,Friday,
231,2015-06-20,TOR,Home,BAL,L,3.0,5.0,9.0,37-33,3.0,3.0,O'Day,Loup,Britton,2:56,D,46018.0,-1,,2015,Saturday,
232,2015-06-21,TOR,Home,BAL,L,9.0,13.0,9.0,37-34,3.0,3.0,O'Day,Cecil,None,3:44,D,46092.0,-2,,2015,Sunday,
233,2015-06-22,TOR,@,TBR,W,8.0,5.0,9.0,38-34,3.0,2.0,Hutchison,Andriese,Osuna,3:28,N,10324.0,1,,2015,Monday,
234,2015-06-23,TOR,@,TBR,L,3.0,4.0,9.0,38-35,4.0,3.0,Archer,Dickey,Boxberger,2:14,N,11474.0,-1,,2015,Tuesday,
235,2015-06-24,TOR,@,TBR,W,1.0,0.0,12.0,39-35,3.0,2.0,Cecil,Gomes,Delabar,3:39,D,18469.0,1,,2015,Wednesday,
236,2015-06-26,TOR,Home,TEX,W,12.0,2.0,9.0,40-35,3.0,1.0,Buehrle,Martinez,None,2:26,N,25821.0,2,,2015,Friday,
237,2015-06-27,TOR,Home,TEX,L,0.0,4.0,9.0,40-36,4.0,2.0,Gallardo,Boyd,None,2:24,D,37167.0,-1,,2015,Saturday,
238,2015-06-28,TOR,Home,TEX,W,3.0,2.0,9.0,41-36,4.0,1.0,Hutchison,Gonzalez,Osuna,2:40,D,42376.0,1,,2015,Sunday,
239,2015-06-29,TOR,Home,BOS,L,1.0,3.0,9.0,41-37,4.0,1.0,Buchholz,Dickey,Uehara,2:26,N,27107.0,-1,,2015,Monday,
240,2015-06-30,TOR,Home,BOS,L,3.0,4.0,9.0,41-38,4.0,1.0,Rodriguez,Estrada,Uehara,3:04,N,28942.0,-2,,2015,Tuesday,
241,2015-07-01,TOR,Home,BOS,W,11.0,2.0,9.0,42-38,3.0,1.0,Buehrle,Porcello,None,2:19,D,45392.0,1,,2015,Wednesday,
242,2015-07-02,TOR,Home,BOS,L,6.0,12.0,9.0,42-39,3.0,1.0,Miley,Boyd,None,3:34,N,29758.0,-1,,2015,Thursday,
243,2015-07-03,TOR,@,DET,L,6.0,8.0,9.0,42-40,3.0,2.0,Sanchez,Hutchison,Soria,3:01,N,39367.0,-2,,2015,Friday,
244,2015-07-04,TOR,@,DET,L,3.0,8.0,9.0,42-41,3.0,3.0,Price,Dickey,None,3:10,D,37214.0,-3,,2015,Saturday,
245,2015-07-05,TOR,@,DET,W,10.0,5.0,9.0,43-41,3.0,2.0,Estrada,Verlander,Osuna,3:17,D,35102.0,1,,2015,Sunday,
246,2015-07-06,TOR,@,CHW,L,2.0,4.0,9.0,43-42,4.0,2.5,Sale,Buehrle,None,1:54,N,24593.0,-1,,2015,Monday,
247,2015-07-07,TOR,@,CHW,W,2.0,1.0,9.0,44-42,2.0,1.5,Doubront,Quintana,Osuna,2:33,N,17028.0,1,,2015,Tuesday,
248,2015-07-08,TOR,@,CHW,L-wo,6.0,7.0,11.0,44-43,2.0,2.5,Putnam,Osuna,None,3:51,N,17032.0,-1,,2015,Wednesday,
249,2015-07-09,TOR,@,CHW,L,0.0,2.0,9.0,44-44,3.0,3.5,Samardzija,Dickey,None,2:15,D,23298.0,-2,,2015,Thursday,
250,2015-07-10,TOR,@,KCR,L,0.0,3.0,9.0,44-45,3.0,4.5,Duffy,Estrada,Holland,2:55,N,31558.0,-3,,2015,Friday,
251,2015-07-11,TOR,@,KCR,W,6.0,2.0,9.0,45-45,3.0,3.5,Buehrle,Young,None,2:42,D,30790.0,1,,2015,Saturday,
252,2015-07-12,TOR,@,KCR,L,10.0,11.0,9.0,45-46,4.0,4.5,Davis,Schultz,Holland,3:23,D,31962.0,-1,,2015,Sunday,
253,2015-07-17,TOR,Home,TBR,W,6.0,2.0,9.0,46-46,2.0,4.5,Hutchison,Odorizzi,None,2:35,N,32908.0,1,,2015,Friday,
254,2015-07-18,TOR,Home,TBR,L,2.0,3.0,9.0,46-47,4.0,4.5,Jepsen,Tepera,McGee,2:38,D,41583.0,-1,,2015,Saturday,
255,2015-07-19,TOR,Home,TBR,W,4.0,0.0,9.0,47-47,3.0,4.5,Estrada,Archer,None,2:30,D,41683.0,1,,2015,Sunday,
256,2015-07-21,TOR,@,OAK,W,7.0,1.0,9.0,48-47,2.0,4.5,Buehrle,Graveman,None,2:38,N,19364.0,2,,2015,Tuesday,
257,2015-07-22,TOR,@,OAK,L-wo,3.0,4.0,10.0,48-48,2.0,5.5,Rodriguez,Osuna,None,3:49,N,18827.0,-1,,2015,Wednesday,
258,2015-07-23,TOR,@,OAK,W,5.0,2.0,9.0,49-48,2.0,5.5,Dickey,Otero,Schultz,2:34,D,19045.0,1,,2015,Thursday,
259,2015-07-24,TOR,@,SEA,L,2.0,5.0,9.0,49-49,2.0,5.5,Hernandez,Estrada,Smith,2:49,N,43328.0,-1,,2015,Friday,
260,2015-07-25,TOR,@,SEA,W,8.0,6.0,9.0,50-49,2.0,5.5,Sanchez,Smith,Osuna,3:29,D,45027.0,1,,2015,Saturday,
261,2015-07-26,TOR,@,SEA,L-wo,5.0,6.0,10.0,50-50,2.0,6.5,Beimel,Loup,None,3:05,D,35159.0,-1,,2015,Sunday,
262,2015-07-28,TOR,Home,PHI,L,2.0,3.0,9.0,50-51,4.0,8.0,Morgan,Doubront,Giles,2:29,N,30516.0,-2,,2015,Tuesday,
263,2015-07-29,TOR,Home,PHI,W,8.0,2.0,9.0,51-51,3.0,7.0,Dickey,Williams,None,2:37,N,27060.0,1,,2015,Wednesday,
264,2015-07-30,TOR,Home,KCR,W,5.0,2.0,9.0,52-51,2.0,6.0,Estrada,Duffy,Osuna,2:33,N,30057.0,2,,2015,Thursday,
265,2015-07-31,TOR,Home,KCR,W-wo,7.0,6.0,11.0,53-51,2.0,6.0,Hendriks,Morales,None,3:23,N,29389.0,3,,2015,Friday,
266,2015-08-01,TOR,Home,KCR,L,6.0,7.0,9.0,53-52,3.0,6.0,Ventura,Lowe,Holland,2:30,D,37932.0,-1,,2015,Saturday,
267,2015-08-02,TOR,Home,KCR,W,5.0,2.0,9.0,54-52,2.0,6.0,Dickey,Volquez,Osuna,3:02,D,45736.0,1,,2015,Sunday,
268,2015-08-03,TOR,Home,MIN,W,5.0,1.0,9.0,55-52,2.0,5.5,Price,Santana,None,2:37,D,45766.0,2,,2015,Monday,
269,2015-08-04,TOR,Home,MIN,W,3.0,1.0,9.0,56-52,2.0,5.5,Estrada,Hughes,Osuna,2:36,N,26504.0,3,,2015,Tuesday,
270,2015-08-05,TOR,Home,MIN,W,9.0,7.0,9.0,57-52,2.0,4.5,Hutchison,Duffey,Hawkins,3:06,N,27725.0,4,,2015,Wednesday,
271,2015-08-06,TOR,Home,MIN,W,9.0,3.0,9.0,58-52,2.0,4.5,Buehrle,Gibson,None,2:39,N,34847.0,5,,2015,Thursday,
272,2015-08-07,TOR,@,NYY,W,2.0,1.0,10.0,59-52,2.0,3.5,Cecil,Pinder,Osuna,3:02,N,42839.0,6,,2015,Friday,
273,2015-08-08,TOR,@,NYY,W,6.0,0.0,9.0,60-52,2.0,2.5,Price,Nova,None,2:57,D,45255.0,7,,2015,Saturday,
274,2015-08-09,TOR,@,NYY,W,2.0,0.0,9.0,61-52,2.0,1.5,Estrada,Tanaka,Osuna,2:59,D,42034.0,8,,2015,Sunday,
275,2015-08-11,TOR,Home,OAK,W,4.0,2.0,9.0,62-52,2.0,0.5,Hutchison,Graveman,Osuna,2:35,N,39381.0,9,,2015,Tuesday,
276,2015-08-12,TOR,Home,OAK,W,10.0,3.0,9.0,63-52,1.0,up 0.5,Dickey,Brooks,None,2:39,N,44597.0,10,,2015,Wednesday,
277,2015-08-13,TOR,Home,OAK,W,4.0,2.0,9.0,64-52,1.0,up 0.5,Buehrle,Chavez,Osuna,2:25,D,46902.0,11,,2015,Thursday,
278,2015-08-14,TOR,Home,NYY,L,3.0,4.0,9.0,64-53,2.0,0.5,Nova,Sanchez,Miller,3:14,N,46689.0,-1,,2015,Friday,
279,2015-08-15,TOR,Home,NYY,L,1.0,4.0,9.0,64-54,2.0,1.5,Tanaka,Estrada,None,2:57,D,46630.0,-2,,2015,Saturday,
280,2015-08-16,TOR,Home,NYY,W,3.0,1.0,9.0,65-54,2.0,0.5,Hutchison,Severino,Osuna,2:41,D,46792.0,1,,2015,Sunday,
281,2015-08-18,TOR,@,PHI,W,8.0,5.0,9.0,66-54,2.0,1.0,Hendriks,Gomez,Osuna,3:10,N,26547.0,2,,2015,Tuesday,
282,2015-08-19,TOR,@,PHI,L,4.0,7.0,9.0,66-55,2.0,2.0,Morgan,Buehrle,Giles,2:24,N,26246.0,-1,,2015,Wednesday,
283,2015-08-21,TOR,@,LAA,W,9.0,2.0,9.0,67-55,2.0,0.5,Price,Santiago,None,3:07,N,41110.0,1,,2015,Friday,
284,2015-08-22,TOR,@,LAA,W,15.0,3.0,9.0,68-55,2.0,0.5,Estrada,Heaney,None,3:16,N,42578.0,2,,2015,Saturday,
285,2015-08-23,TOR,@,LAA,W,12.0,5.0,9.0,69-55,1.0,up 0.5,Dickey,Richards,None,3:03,D,37060.0,3,,2015,Sunday,
286,2015-08-25,TOR,@,TEX,W,6.0,5.0,9.0,70-55,1.0,up 1.0,Hawkins,Tolleson,Osuna,3:02,N,22227.0,4,,2015,Tuesday,
287,2015-08-26,TOR,@,TEX,W,12.0,4.0,9.0,71-55,1.0,up 2.0,Price,Lewis,None,3:19,N,20572.0,5,,2015,Wednesday,
288,2015-08-27,TOR,@,TEX,L,1.0,4.0,9.0,71-56,1.0,up 1.5,Gallardo,Estrada,Tolleson,3:40,D,17884.0,-1,,2015,Thursday,
289,2015-08-28,TOR,Home,DET,W,5.0,3.0,9.0,72-56,1.0,up 1.5,Dickey,Boyd,Osuna,2:25,N,46518.0,1,,2015,Friday,
290,2015-08-29,TOR,Home,DET,W,15.0,1.0,9.0,73-56,1.0,up 1.5,Hutchison,Farmer,None,3:25,D,46444.0,2,,2015,Saturday,
291,2015-08-30,TOR,Home,DET,W,9.0,2.0,9.0,74-56,1.0,up 1.5,Buehrle,Simon,None,2:38,D,46625.0,3,,2015,Sunday,
292,2015-08-31,TOR,Home,CLE,L,2.0,4.0,9.0,74-57,1.0,up 1.5,Salazar,Price,Allen,2:56,N,46643.0,-1,,2015,Monday,
293,2015-09-01,TOR,Home,CLE,W-wo,5.0,3.0,10.0,75-57,1.0,up 1.5,Lowe,Shaw,None,3:06,N,41356.0,1,,2015,Tuesday,
294,2015-09-02,TOR,Home,CLE,W,5.0,1.0,9.0,76-57,1.0,up 1.5,Dickey,Bauer,None,2:34,N,46538.0,2,,2015,Wednesday,
295,2015-09-04,TOR,Home,BAL,L,2.0,10.0,9.0,76-58,1.0,up 0.5,Jimenez,Hutchison,None,2:56,N,46201.0,-1,,2015,Friday,
296,2015-09-05,TOR,Home,BAL,W,5.0,1.0,9.0,77-58,1.0,up 1.5,Price,Wright,None,2:42,D,46373.0,1,,2015,Saturday,
297,2015-09-06,TOR,Home,BAL,W,10.0,4.0,9.0,78-58,1.0,up 1.5,Estrada,Tillman,None,3:22,D,46136.0,2,,2015,Sunday,
298,2015-09-07,TOR,@,BOS,L,4.0,11.0,9.0,78-59,1.0,up 0.5,Porcello,Buehrle,None,2:48,D,33659.0,-1,,2015,Monday,
299,2015-09-08,TOR,@,BOS,W,5.0,1.0,10.0,79-59,1.0,up 1.5,Sanchez,Ogando,None,3:23,N,33432.0,1,,2015,Tuesday,
300,2015-09-09,TOR,@,BOS,L,4.0,10.0,9.0,79-60,1.0,up 1.5,Kelly,Hutchison,None,3:31,N,34464.0,-1,,2015,Wednesday,
301,2015-09-11,TOR,@,NYY,W,11.0,5.0,9.0,80-60,1.0,up 2.5,Price,Severino,None,3:39,N,40220.0,1,,2015,Friday,
302,2015-09-12,TOR,@,NYY,W,9.0,5.0,11.0,81-60,1.0,up 4.5,Hendriks,Mitchell,Tepera,4:32,D,,2,,2015,Saturday,(1)
303,2015-09-12,TOR,@,NYY,W,10.0,7.0,9.0,82-60,1.0,up 4.5,Stroman,Nova,Lowe,3:31,N,46278.0,3,,2015,Saturday,(2)
304,2015-09-13,TOR,@,NYY,L,0.0,5.0,9.0,82-61,1.0,up 3.5,Tanaka,Dickey,None,2:40,D,39127.0,-1,,2015,Sunday,
305,2015-09-15,TOR,@,ATL,L-wo,2.0,3.0,9.0,82-62,1.0,up 3.0,Vizcaino,Sanchez,None,2:45,N,16399.0,-2,,2015,Tuesday,
306,2015-09-16,TOR,@,ATL,W,9.0,1.0,9.0,83-62,1.0,up 3.0,Price,Miller,None,3:08,N,15178.0,1,,2015,Wednesday,
307,2015-09-17,TOR,@,ATL,W,5.0,0.0,9.0,84-62,1.0,up 3.5,Estrada,Wisler,None,2:36,N,19367.0,2,,2015,Thursday,
308,2015-09-18,TOR,Home,BOS,W,6.0,1.0,9.0,85-62,1.0,up 4.5,Stroman,Porcello,None,2:32,N,47126.0,3,,2015,Friday,
309,2015-09-19,TOR,Home,BOS,L,6.0,7.0,9.0,85-63,1.0,up 3.5,Layne,Osuna,Ross,3:08,D,47415.0,-1,,2015,Saturday,
310,2015-09-20,TOR,Home,BOS,L,3.0,4.0,9.0,85-64,1.0,up 2.5,Hill,Cecil,Ross,2:51,D,46743.0,-2,,2015,Sunday,
311,2015-09-21,TOR,Home,NYY,W,4.0,2.0,9.0,86-64,1.0,up 3.5,Price,Warren,Osuna,3:15,N,47648.0,1,,2015,Monday,
312,2015-09-22,TOR,Home,NYY,L,4.0,6.0,10.0,86-65,1.0,up 2.5,Miller,Lowe,None,3:39,N,47992.0,-1,,2015,Tuesday,
313,2015-09-23,TOR,Home,NYY,W,4.0,0.0,9.0,87-65,1.0,up 3.5,Stroman,Nova,None,2:52,N,48056.0,1,,2015,Wednesday,
314,2015-09-25,TOR,Home,TBR,W,5.0,3.0,9.0,88-65,1.0,up 4.0,Dickey,Odorizzi,Osuna,2:44,N,47696.0,2,,2015,Friday,
315,2015-09-26,TOR,Home,TBR,W,10.0,8.0,9.0,89-65,1.0,up 4.0,Price,Archer,Osuna,3:17,D,47094.0,3,,2015,Saturday,
316,2015-09-27,TOR,Home,TBR,W-wo,5.0,4.0,9.0,90-65,1.0,up 4.0,Cecil,Geltz,None,2:55,D,47287.0,4,,2015,Sunday,
317,2015-09-28,TOR,@,BAL,W,4.0,3.0,9.0,91-65,1.0,up 5.0,Cecil,Brach,Osuna,2:36,N,19093.0,5,,2015,Monday,
318,2015-09-30,TOR,@,BAL,W,15.0,2.0,9.0,92-65,1.0,up 6.0,Stroman,Gonzalez,None,3:17,D,,6,,2015,Wednesday,(1)
319,2015-09-30,TOR,@,BAL,L,1.0,8.0,9.0,92-66,1.0,up 6.0,Gausman,Tepera,None,2:23,N,26330.0,-1,,2015,Wednesday,(2)
320,2015-10-01,TOR,@,BAL,L,4.0,6.0,9.0,92-67,1.0,up 5.0,McFarland,Hutchison,Britton,3:12,D,18257.0,-2,,2015,Thursday,
321,2015-10-02,TOR,@,TBR,W,8.0,4.0,9.0,93-67,1.0,up 5.5,Buehrle,Romero,None,3:07,N,13668.0,1,,2015,Friday,
322,2015-10-03,TOR,@,TBR,L-wo,3.0,4.0,9.0,93-68,1.0,up 6.0,Colome,Osuna,None,3:00,N,21963.0,-1,,2015,Saturday,
323,2015-10-04,TOR,@,TBR,L,3.0,12.0,9.0,93-69,1.0,up 6.0,Moore,Buehrle,None,3:09,D,15815.0,-2,,2015,Sunday,
324,2016-04-03,TOR,@,TBR,W,5.0,3.0,9.0,1-0,1.0,up 0.5,Stroman,Archer,Osuna,2:51,D,31042.0,1,,2016,Sunday,
325,2016-04-04,TOR,@,TBR,W,5.0,3.0,9.0,2-0,1.0,up 0.5,Dickey,Smyly,Osuna,2:58,N,15116.0,2,,2016,Monday,
326,2016-04-05,TOR,@,TBR,L,2.0,3.0,9.0,2-1,1.0,Tied,Colome,Cecil,None,3:07,N,12757.0,-1,,2016,Tuesday,
327,2016-04-06,TOR,@,TBR,L,3.0,5.0,9.0,2-2,2.0,1.0,Ramirez,Floyd,None,2:47,D,14257.0,-2,,2016,Wednesday,
328,2016-04-08,TOR,Home,BOS,L,7.0,8.0,9.0,2-3,4.0,2.5,Barnes,Storen,Kimbrel,3:24,N,48871.0,-3,,2016,Friday,
329,2016-04-09,TOR,Home,BOS,L,4.0,8.0,9.0,2-4,5.0,3.0,Porcello,Dickey,None,2:48,D,47138.0,-4,,2016,Saturday,
330,2016-04-10,TOR,Home,BOS,W,3.0,0.0,9.0,3-4,4.0,3.0,Estrada,Wright,Osuna,2:27,D,46158.0,1,,2016,Sunday,
331,2016-04-12,TOR,Home,NYY,L,2.0,3.0,9.0,3-5,5.0,4.5,Barbato,Cecil,Miller,3:03,N,28819.0,-1,,2016,Tuesday,
332,2016-04-13,TOR,Home,NYY,W,7.0,2.0,9.0,4-5,4.0,3.5,Happ,Pineda,None,2:43,N,27938.0,1,,2016,Wednesday,
333,2016-04-14,TOR,Home,NYY,W,4.0,2.0,9.0,5-5,2.0,2.5,Stroman,Eovaldi,Osuna,2:22,N,36238.0,2,,2016,Thursday,
334,2016-04-15,TOR,@,BOS,L,3.0,5.0,9.0,5-6,3.0,3.5,Porcello,Dickey,Kimbrel,3:02,N,31415.0,-1,,2016,Friday,
335,2016-04-16,TOR,@,BOS,L,2.0,4.0,9.0,5-7,3.0,3.5,Price,Estrada,Kimbrel,2:43,D,36267.0,-2,,2016,Saturday,
336,2016-04-17,TOR,@,BOS,W,5.0,3.0,9.0,6-7,3.0,3.0,Sanchez,Wright,None,3:09,D,37217.0,1,,2016,Sunday,
337,2016-04-18,TOR,@,BOS,W,4.0,3.0,9.0,7-7,2.0,2.5,Happ,Uehara,Storen,3:12,D,37168.0,2,,2016,Monday,
338,2016-04-19,TOR,@,BAL,W,4.0,3.0,9.0,8-7,2.0,1.5,Stroman,Wright,Osuna,2:50,N,16783.0,3,,2016,Tuesday,
339,2016-04-20,TOR,@,BAL,L-wo,3.0,4.0,10.0,8-8,2.0,2.5,Givens,Biagini,None,3:22,N,15404.0,-1,,2016,Wednesday,
340,2016-04-21,TOR,@,BAL,L,2.0,3.0,9.0,8-9,2.0,3.5,O'Day,Cecil,Britton,3:09,N,17644.0,-2,,2016,Thursday,
341,2016-04-22,TOR,Home,OAK,L,5.0,8.0,9.0,8-10,3.0,3.5,Gray,Sanchez,Madson,3:21,N,34251.0,-3,,2016,Friday,
342,2016-04-23,TOR,Home,OAK,W,9.0,3.0,9.0,9-10,2.0,3.5,Happ,Bassitt,None,2:38,D,46334.0,1,,2016,Saturday,
343,2016-04-24,TOR,Home,OAK,W,6.0,3.0,9.0,10-10,2.0,2.5,Hutchison,Surkamp,Osuna,2:44,D,46300.0,2,,2016,Sunday,
344,2016-04-25,TOR,Home,CHW,L,5.0,7.0,9.0,10-11,3.0,2.5,Putnam,Cecil,Robertson,3:24,N,24333.0,-1,,2016,Monday,
345,2016-04-26,TOR,Home,CHW,L,1.0,10.0,9.0,10-12,4.0,2.5,Sale,Dickey,None,2:35,N,23726.0,-2,,2016,Tuesday,
346,2016-04-27,TOR,Home,CHW,L,0.0,4.0,9.0,10-13,4.0,3.5,Quintana,Estrada,None,2:52,N,28759.0,-3,,2016,Wednesday,
347,2016-04-29,TOR,@,TBR,W,6.0,1.0,9.0,11-13,3.0,4.0,Sanchez,Smyly,None,2:43,N,13679.0,1,,2016,Friday,
348,2016-04-30,TOR,@,TBR,L-wo,3.0,4.0,9.0,11-14,4.0,4.0,Cedeno,Cecil,None,2:52,N,14948.0,-1,,2016,Saturday,
349,2016-05-01,TOR,@,TBR,W,5.0,1.0,9.0,12-14,3.0,3.5,Stroman,Cedeno,None,2:34,D,27217.0,1,,2016,Sunday,
350,2016-05-02,TOR,Home,TEX,L,1.0,2.0,9.0,12-15,4.0,4.0,Barnette,Floyd,Tolleson,2:44,N,25323.0,-1,,2016,Monday,
351,2016-05-03,TOR,Home,TEX,W-wo,3.0,1.0,10.0,13-15,3.0,3.5,Biagini,Klein,None,3:25,N,24437.0,1,,2016,Tuesday,
352,2016-05-04,TOR,Home,TEX,W-wo,4.0,3.0,9.0,14-15,3.0,3.0,Osuna,Barnette,None,2:32,N,25229.0,2,,2016,Wednesday,
353,2016-05-05,TOR,Home,TEX,W,12.0,2.0,9.0,15-15,3.0,3.0,Happ,Holland,None,2:33,N,35468.0,3,,2016,Thursday,
354,2016-05-06,TOR,Home,LAD,W,5.0,2.0,9.0,16-15,3.0,2.0,Floyd,Blanton,Storen,2:53,N,42304.0,4,,2016,Friday,
355,2016-05-07,TOR,Home,LAD,L,2.0,6.0,9.0,16-16,3.0,2.5,Kershaw,Dickey,None,2:28,D,47156.0,-1,,2016,Saturday,
356,2016-05-08,TOR,Home,LAD,L,2.0,4.0,9.0,16-17,4.0,3.5,Hatcher,Storen,Jansen,3:10,D,46665.0,-2,,2016,Sunday,
357,2016-05-09,TOR,@,SFG,W,3.0,1.0,9.0,17-17,3.0,3.0,Sanchez,Peavy,Osuna,2:52,N,41256.0,1,,2016,Monday,
358,2016-05-10,TOR,@,SFG,W,4.0,0.0,9.0,18-17,3.0,3.0,Happ,Cain,Osuna,2:29,N,41464.0,2,,2016,Tuesday,
359,2016-05-11,TOR,@,SFG,L-wo,4.0,5.0,13.0,18-18,3.0,4.0,Suarez,Tepera,None,4:28,D,41372.0,-1,,2016,Wednesday,
360,2016-05-13,TOR,@,TEX,W,5.0,0.0,9.0,19-18,3.0,4.5,Dickey,Perez,None,2:38,N,40344.0,1,,2016,Friday,
361,2016-05-14,TOR,@,TEX,L-wo,5.0,6.0,10.0,19-19,3.0,5.5,Barnette,Floyd,None,3:01,N,47115.0,-1,,2016,Saturday,
362,2016-05-15,TOR,@,TEX,L,6.0,7.0,9.0,19-20,3.0,5.5,Bush,Chavez,Dyson,3:29,D,41327.0,-2,,2016,Sunday,
363,2016-05-16,TOR,Home,TBR,L,2.0,13.0,9.0,19-21,3.0,6.0,Smyly,Happ,None,2:54,N,26516.0,-3,,2016,Monday,
364,2016-05-17,TOR,Home,TBR,L,2.0,12.0,9.0,19-22,4.0,6.0,Archer,Stroman,None,2:43,N,27321.0,-4,,2016,Tuesday,
365,2016-05-18,TOR,Home,TBR,L,3.0,6.0,9.0,19-23,4.0,7.0,Odorizzi,Dickey,Colome,2:48,N,29078.0,-5,,2016,Wednesday,
366,2016-05-19,TOR,@,MIN,W,3.0,2.0,11.0,20-23,4.0,6.0,Osuna,Pressly,Biagini,3:07,N,25435.0,1,,2016,Thursday,
367,2016-05-20,TOR,@,MIN,W,9.0,3.0,9.0,21-23,4.0,6.0,Sanchez,Duffey,None,2:48,N,29396.0,2,,2016,Friday,
368,2016-05-21,TOR,@,MIN,L,3.0,5.0,9.0,21-24,5.0,7.0,Abad,Happ,Jepsen,2:19,D,30460.0,-1,,2016,Saturday,
369,2016-05-22,TOR,@,MIN,W,3.0,1.0,9.0,22-24,5.0,6.0,Stroman,Hughes,Osuna,2:29,D,33421.0,1,,2016,Sunday,
370,2016-05-24,TOR,@,NYY,L,0.0,6.0,9.0,22-25,5.0,7.0,Eovaldi,Dickey,None,2:40,N,35174.0,-1,,2016,Tuesday,
371,2016-05-25,TOR,@,NYY,W,8.0,4.0,9.0,23-25,4.0,7.0,Estrada,Nova,None,2:59,N,38959.0,1,,2016,Wednesday,
372,2016-05-26,TOR,@,NYY,W,3.0,1.0,9.0,24-25,3.0,6.0,Happ,Sabathia,Osuna,2:34,D,38391.0,2,,2016,Thursday,
373,2016-05-27,TOR,Home,BOS,W,7.0,5.0,9.0,25-25,3.0,5.0,Biagini,Uehara,Osuna,2:53,N,46470.0,3,,2016,Friday,
374,2016-05-28,TOR,Home,BOS,W-wo,10.0,9.0,9.0,26-25,3.0,4.0,Floyd,Kimbrel,None,3:37,D,48154.0,4,,2016,Saturday,
375,2016-05-29,TOR,Home,BOS,L,3.0,5.0,11.0,26-26,3.0,5.0,Buchholz,Floyd,Uehara,4:07,D,47916.0,-1,,2016,Sunday,
376,2016-05-30,TOR,Home,NYY,W,4.0,2.0,9.0,27-26,3.0,5.0,Estrada,Nova,Storen,2:26,N,32921.0,1,,2016,Monday,
377,2016-05-31,TOR,Home,NYY,W,4.0,1.0,9.0,28-26,3.0,5.0,Biagini,Sabathia,Osuna,2:37,N,33419.0,2,,2016,Tuesday,
378,2016-06-01,TOR,Home,NYY,W,7.0,0.0,9.0,29-26,3.0,4.0,Sanchez,Tanaka,None,2:57,N,39512.0,3,,2016,Wednesday,
379,2016-06-03,TOR,@,BOS,W,5.0,2.0,9.0,30-26,3.0,2.5,Dickey,Price,Osuna,3:10,N,37129.0,4,,2016,Friday,
380,2016-06-04,TOR,@,BOS,L,4.0,6.0,9.0,30-27,3.0,3.5,Wright,Stroman,Kimbrel,3:08,D,37762.0,-1,,2016,Saturday,
381,2016-06-05,TOR,@,BOS,W,5.0,4.0,9.0,31-27,3.0,2.5,Estrada,Rodriguez,None,2:44,D,35823.0,1,,2016,Sunday,
382,2016-06-06,TOR,@,DET,L,0.0,11.0,9.0,31-28,3.0,3.5,Fulmer,Happ,None,2:57,N,29771.0,-1,,2016,Monday,
383,2016-06-07,TOR,@,DET,L-wo,2.0,3.0,10.0,31-29,3.0,4.5,Wilson,Biagini,None,3:07,N,30745.0,-2,,2016,Tuesday,
384,2016-06-08,TOR,@,DET,W,7.0,2.0,9.0,32-29,3.0,4.5,Dickey,Zimmermann,None,2:56,D,36036.0,1,,2016,Wednesday,
385,2016-06-09,TOR,Home,BAL,L,5.0,6.0,9.0,32-30,3.0,5.5,Bundy,Osuna,Britton,3:12,N,41448.0,-1,,2016,Thursday,
386,2016-06-10,TOR,Home,BAL,W-wo,4.0,3.0,10.0,33-30,3.0,4.5,Storen,Brach,None,2:54,N,44439.0,1,,2016,Friday,
387,2016-06-11,TOR,Home,BAL,W,11.0,6.0,9.0,34-30,3.0,3.5,Happ,McFarland,None,3:05,D,47651.0,2,,2016,Saturday,
388,2016-06-12,TOR,Home,BAL,W,10.0,9.0,9.0,35-30,3.0,2.5,Sanchez,Jimenez,Grilli,3:11,D,47249.0,3,,2016,Sunday,
389,2016-06-13,TOR,Home,PHI,L,0.0,7.0,9.0,35-31,3.0,3.0,Eickhoff,Dickey,None,2:55,N,35678.0,-1,,2016,Monday,
390,2016-06-14,TOR,Home,PHI,W,11.0,3.0,9.0,36-31,3.0,3.0,Stroman,Eflin,None,2:43,D,47066.0,1,,2016,Tuesday,
391,2016-06-15,TOR,@,PHI,W,7.0,2.0,9.0,37-31,3.0,2.0,Estrada,Hellickson,None,2:51,N,24753.0,2,,2016,Wednesday,
392,2016-06-16,TOR,@,PHI,W,13.0,2.0,9.0,38-31,3.0,2.0,Happ,Nola,None,3:04,N,22279.0,3,,2016,Thursday,
393,2016-06-17,TOR,@,BAL,W,13.0,3.0,9.0,39-31,2.0,1.0,Sanchez,Wright,None,2:53,N,38306.0,4,,2016,Friday,
394,2016-06-18,TOR,@,BAL,L,2.0,4.0,9.0,39-32,3.0,2.0,Gallardo,Dickey,Britton,2:33,D,41901.0,-1,,2016,Saturday,
395,2016-06-19,TOR,@,BAL,L,6.0,11.0,9.0,39-33,3.0,3.0,Tillman,Stroman,None,3:31,D,39024.0,-2,,2016,Sunday,
396,2016-06-21,TOR,Home,ARI,L,2.0,4.0,9.0,39-34,3.0,2.5,Corbin,Estrada,Hudson,2:42,N,41838.0,-3,,2016,Tuesday,
397,2016-06-22,TOR,Home,ARI,W,5.0,2.0,9.0,40-34,3.0,2.5,Happ,Ray,Osuna,2:54,D,46967.0,1,,2016,Wednesday,
398,2016-06-24,TOR,@,CHW,L,2.0,3.0,9.0,40-35,3.0,3.5,Jones,Chavez,Robertson,3:22,N,27196.0,-1,,2016,Friday,
399,2016-06-25,TOR,@,CHW,W,10.0,8.0,9.0,41-35,3.0,4.0,Dickey,Gonzalez,Osuna,3:14,D,25776.0,1,,2016,Saturday,
400,2016-06-26,TOR,@,CHW,L,2.0,5.0,9.0,41-36,3.0,5.0,Sale,Stroman,Robertson,2:27,D,28345.0,-1,,2016,Sunday,
401,2016-06-27,TOR,@,COL,L,5.0,9.0,9.0,41-37,3.0,5.5,Gray,Storen,None,2:48,N,36419.0,-2,,2016,Monday,
402,2016-06-28,TOR,@,COL,W,14.0,9.0,9.0,42-37,3.0,5.5,Happ,Butler,None,3:51,N,33917.0,1,,2016,Tuesday,
403,2016-06-29,TOR,@,COL,W,5.0,3.0,9.0,43-37,2.0,5.5,Sanchez,Anderson,None,3:17,D,38412.0,2,,2016,Wednesday,
404,2016-06-30,TOR,Home,CLE,L,1.0,4.0,9.0,43-38,3.0,5.5,Carrasco,Dickey,Allen,2:33,N,41365.0,-1,,2016,Thursday,
405,2016-07-01,TOR,Home,CLE,L,1.0,2.0,19.0,43-39,3.0,5.5,Bauer,Barney,None,6:13,D,45825.0,-2,,2016,Friday,
406,2016-07-02,TOR,Home,CLE,W,9.0,6.0,9.0,44-39,3.0,4.5,Grilli,Otero,Osuna,3:19,D,46197.0,1,,2016,Saturday,
407,2016-07-03,TOR,Home,CLE,W,17.0,1.0,9.0,45-39,3.0,3.5,Happ,Kluber,None,3:10,D,45962.0,2,,2016,Sunday,
408,2016-07-04,TOR,Home,KCR,W,6.0,2.0,9.0,46-39,3.0,2.5,Sanchez,Volquez,None,2:10,N,36438.0,3,,2016,Monday,
409,2016-07-05,TOR,Home,KCR,W,8.0,3.0,9.0,47-39,2.0,2.5,Dickey,Young,None,2:32,N,35917.0,4,,2016,Tuesday,
410,2016-07-06,TOR,Home,KCR,W,4.0,2.0,9.0,48-39,2.0,2.5,Stroman,Herrera,Osuna,2:16,N,39971.0,5,,2016,Wednesday,
411,2016-07-07,TOR,Home,DET,W,5.0,4.0,9.0,49-39,2.0,2.0,Grilli,Wilson,Osuna,3:18,N,46283.0,6,,2016,Thursday,
412,2016-07-08,TOR,Home,DET,W,6.0,0.0,9.0,50-39,2.0,1.0,Happ,Pelfrey,None,3:07,N,43228.0,7,,2016,Friday,
413,2016-07-09,TOR,Home,DET,L,2.0,3.0,9.0,50-40,2.0,2.0,Rondon,Grilli,Rodriguez,2:47,D,47684.0,-1,,2016,Saturday,
414,2016-07-10,TOR,Home,DET,W,6.0,1.0,9.0,51-40,2.0,2.0,Dickey,Sanchez,None,2:49,D,47747.0,1,,2016,Sunday,
415,2016-07-15,TOR,@,OAK,L,7.0,8.0,9.0,51-41,3.0,3.0,Dull,Cecil,Madson,3:09,N,19192.0,-1,,2016,Friday,
416,2016-07-16,TOR,@,OAK,L,4.0,5.0,9.0,51-42,3.0,4.0,Gray,Dickey,Madson,2:41,D,27510.0,-2,,2016,Saturday,
417,2016-07-17,TOR,@,OAK,W,5.0,3.0,9.0,52-42,3.0,3.0,Grilli,Axford,Osuna,3:12,D,21626.0,1,,2016,Sunday,
418,2016-07-19,TOR,@,ARI,W,5.0,1.0,9.0,53-42,3.0,1.5,Sanchez,Godley,None,2:58,N,26626.0,2,,2016,Tuesday,
419,2016-07-20,TOR,@,ARI,W,10.0,4.0,9.0,54-42,3.0,1.0,Stroman,Corbin,None,2:52,D,20076.0,3,,2016,Wednesday,
420,2016-07-22,TOR,Home,SEA,L,1.0,2.0,9.0,54-43,3.0,2.0,Paxton,Estrada,Cishek,2:41,N,46737.0,-1,,2016,Friday,
421,2016-07-23,TOR,Home,SEA,L,5.0,14.0,9.0,54-44,3.0,3.0,Iwakuma,Dickey,LeBlanc,3:18,D,47517.0,-2,,2016,Saturday,
422,2016-07-24,TOR,Home,SEA,W,2.0,0.0,9.0,55-44,3.0,3.0,Happ,Miley,Osuna,2:21,D,47488.0,1,,2016,Sunday,
423,2016-07-25,TOR,Home,SDP,W,4.0,2.0,9.0,56-44,3.0,3.0,Sanchez,Rea,Osuna,2:41,N,41483.0,2,,2016,Monday,
424,2016-07-26,TOR,Home,SDP,W-wo,7.0,6.0,12.0,57-44,2.0,2.0,Chavez,Villanueva,None,3:58,N,45515.0,3,,2016,Tuesday,
425,2016-07-27,TOR,Home,SDP,L,4.0,8.0,9.0,57-45,2.0,2.0,Perdomo,Dickey,None,2:42,D,47301.0,-1,,2016,Wednesday,
426,2016-07-29,TOR,Home,BAL,W,6.0,5.0,9.0,58-45,2.0,0.5,Estrada,Gausman,Osuna,2:45,N,46112.0,1,,2016,Friday,
427,2016-07-30,TOR,Home,BAL,W,9.0,1.0,9.0,59-45,1.0,up 0.5,Happ,Gallardo,None,2:52,D,47305.0,2,,2016,Saturday,
428,2016-07-31,TOR,Home,BAL,L,2.0,6.0,12.0,59-46,2.0,0.5,Givens,Morales,None,3:47,D,46792.0,-1,,2016,Sunday,
429,2016-08-01,TOR,@,HOU,L-wo,1.0,2.0,14.0,59-47,2.0,1.0,Feliz,Feldman,None,4:05,N,20623.0,-2,,2016,Monday,
430,2016-08-02,TOR,@,HOU,W,2.0,1.0,9.0,60-47,2.0,1.0,Dickey,McCullers,Grilli,2:40,N,24399.0,1,,2016,Tuesday,
431,2016-08-03,TOR,@,HOU,W,3.0,1.0,9.0,61-47,2.0,1.0,Estrada,McHugh,Osuna,2:31,N,29399.0,2,,2016,Wednesday,
432,2016-08-04,TOR,@,HOU,W,4.0,1.0,9.0,62-47,1.0,Tied,Happ,Fiers,Osuna,2:41,N,23190.0,3,,2016,Thursday,
433,2016-08-05,TOR,@,KCR,W,4.0,3.0,9.0,63-47,1.0,Tied,Cecil,Herrera,Benoit,2:40,N,31831.0,4,,2016,Friday,
434,2016-08-06,TOR,@,KCR,L,2.0,4.0,9.0,63-48,1.0,Tied,Duffy,Sanchez,Herrera,2:36,N,35986.0,-1,,2016,Saturday,
435,2016-08-07,TOR,@,KCR,L,1.0,7.0,9.0,63-49,2.0,1.0,Ventura,Stroman,None,2:39,D,25830.0,-2,,2016,Sunday,
436,2016-08-08,TOR,Home,TBR,W,7.0,5.0,9.0,64-49,1.0,Tied,Benoit,Cedeno,Osuna,3:13,N,43812.0,1,,2016,Monday,
437,2016-08-09,TOR,Home,TBR,L,2.0,9.0,9.0,64-50,1.0,Tied,Smyly,Estrada,Ramirez,2:56,N,43134.0,-1,,2016,Tuesday,
438,2016-08-10,TOR,Home,TBR,W,7.0,0.0,9.0,65-50,1.0,up 1.0,Happ,Snell,None,3:01,N,45501.0,1,,2016,Wednesday,
439,2016-08-12,TOR,Home,HOU,L,3.0,5.0,9.0,65-51,2.0,0.5,Musgrove,Liriano,Harris,2:49,N,46330.0,-1,,2016,Friday,
440,2016-08-13,TOR,Home,HOU,W,4.0,2.0,9.0,66-51,1.0,up 0.5,Sanchez,McHugh,Osuna,2:35,D,47505.0,1,,2016,Saturday,
441,2016-08-14,TOR,Home,HOU,W,9.0,2.0,9.0,67-51,1.0,up 0.5,Stroman,Fiers,None,2:59,D,47261.0,2,,2016,Sunday,
442,2016-08-15,TOR,@,NYY,L,0.0,1.0,9.0,67-52,1.0,Tied,Green,Dickey,Betances,2:55,N,36015.0,-1,,2016,Monday,
443,2016-08-16,TOR,@,NYY,W,12.0,6.0,9.0,68-52,1.0,up 1.0,Feldman,Warren,None,3:09,N,31874.0,1,,2016,Tuesday,
444,2016-08-17,TOR,@,NYY,W,7.0,4.0,9.0,69-52,1.0,up 1.0,Happ,Sabathia,Osuna,2:47,D,37736.0,2,,2016,Wednesday,
445,2016-08-19,TOR,@,CLE,L-wo,2.0,3.0,9.0,69-53,1.0,up 0.5,Manship,Osuna,None,2:27,N,30665.0,-1,,2016,Friday,
446,2016-08-20,TOR,@,CLE,W,6.0,5.0,9.0,70-53,1.0,up 0.5,Biagini,Tomlin,Osuna,3:00,N,33604.0,1,,2016,Saturday,
447,2016-08-21,TOR,@,CLE,L,2.0,3.0,9.0,70-54,1.0,up 0.5,Clevinger,Cecil,Allen,2:53,D,26696.0,-1,,2016,Sunday,
448,2016-08-23,TOR,Home,LAA,W,7.0,2.0,9.0,71-54,1.0,Tied,Dickey,Skaggs,None,2:38,N,46696.0,1,,2016,Tuesday,
449,2016-08-24,TOR,Home,LAA,L,2.0,8.0,9.0,71-55,1.0,Tied,Shoemaker,Estrada,None,3:21,N,44404.0,-1,,2016,Wednesday,
450,2016-08-25,TOR,Home,LAA,L,3.0,6.0,9.0,71-56,1.0,Tied,Weaver,Happ,None,3:06,N,46273.0,-2,,2016,Thursday,
451,2016-08-26,TOR,Home,MIN,W,15.0,8.0,9.0,72-56,1.0,up 1.0,Liriano,Dean,None,3:11,N,42534.0,1,,2016,Friday,
452,2016-08-27,TOR,Home,MIN,W,8.0,7.0,9.0,73-56,1.0,up 1.0,Grilli,Pressly,Osuna,3:06,D,47485.0,2,,2016,Saturday,
453,2016-08-28,TOR,Home,MIN,W,9.0,6.0,9.0,74-56,1.0,up 2.0,Feldman,Light,None,3:00,D,47444.0,3,,2016,Sunday,
454,2016-08-29,TOR,@,BAL,W,5.0,1.0,9.0,75-56,1.0,up 2.0,Estrada,Miley,None,2:35,N,15532.0,4,,2016,Monday,
455,2016-08-30,TOR,@,BAL,L,3.0,5.0,9.0,75-57,1.0,up 2.0,Brach,Grilli,Britton,2:34,N,16083.0,-1,,2016,Tuesday,
456,2016-08-31,TOR,@,BAL,W,5.0,3.0,9.0,76-57,1.0,up 2.0,Sanchez,Gallardo,None,3:12,N,16161.0,1,,2016,Wednesday,
457,2016-09-02,TOR,@,TBR,L,3.0,8.0,9.0,76-58,1.0,up 1.0,Farquhar,Stroman,None,2:52,N,12602.0,-1,,2016,Friday,
458,2016-09-03,TOR,@,TBR,L,5.0,7.0,9.0,76-59,1.0,Tied,Snell,Estrada,Colome,3:06,N,14353.0,-2,,2016,Saturday,
459,2016-09-04,TOR,@,TBR,W,5.0,3.0,9.0,77-59,1.0,up 1.0,Benoit,Jepsen,Osuna,3:18,D,13884.0,1,,2016,Sunday,
460,2016-09-05,TOR,@,NYY,L,3.0,5.0,9.0,77-60,1.0,up 1.0,Tanaka,Dickey,Betances,2:49,D,42141.0,-1,,2016,Monday,
461,2016-09-06,TOR,@,NYY,L,6.0,7.0,9.0,77-61,1.0,Tied,Shreve,Grilli,Parker,3:21,N,27532.0,-2,,2016,Tuesday,
462,2016-09-07,TOR,@,NYY,L,0.0,2.0,9.0,77-62,2.0,1.0,Mitchell,Stroman,Clippard,2:48,N,30501.0,-3,,2016,Wednesday,
463,2016-09-09,TOR,Home,BOS,L,3.0,13.0,9.0,77-63,2.0,2.0,Porcello,Estrada,None,3:23,N,46953.0,-4,,2016,Friday,
464,2016-09-10,TOR,Home,BOS,W,3.0,2.0,9.0,78-63,2.0,1.0,Happ,Rodriguez,Osuna,3:03,D,47829.0,1,,2016,Saturday,
465,2016-09-11,TOR,Home,BOS,L,8.0,11.0,9.0,78-64,2.0,2.0,Ross,Schultz,Kimbrel,3:46,D,47816.0,-1,,2016,Sunday,
466,2016-09-12,TOR,Home,TBR,W,3.0,2.0,9.0,79-64,2.0,2.0,Grilli,Boxberger,Osuna,2:13,N,35333.0,1,,2016,Monday,
467,2016-09-13,TOR,Home,TBR,L,2.0,6.0,9.0,79-65,2.0,2.0,Smyly,Stroman,None,3:10,N,38338.0,-1,,2016,Tuesday,
468,2016-09-14,TOR,Home,TBR,L,1.0,8.0,9.0,79-66,3.0,2.0,Cobb,Estrada,None,2:58,D,41001.0,-2,,2016,Wednesday,
469,2016-09-15,TOR,@,LAA,W,7.0,2.0,9.0,80-66,2.0,2.0,Happ,Wright,None,3:15,N,37559.0,1,,2016,Thursday,
470,2016-09-16,TOR,@,LAA,W,5.0,0.0,9.0,81-66,2.0,2.0,Dickey,Weaver,Osuna,3:15,N,42159.0,2,,2016,Friday,
471,2016-09-17,TOR,@,LAA,L,1.0,6.0,9.0,81-67,2.0,3.0,Nolasco,Liriano,None,3:08,N,39195.0,-1,,2016,Saturday,
472,2016-09-18,TOR,@,LAA,L,0.0,4.0,9.0,81-68,3.0,4.0,Meyer,Stroman,None,3:25,D,36270.0,-2,,2016,Sunday,
473,2016-09-19,TOR,@,SEA,W,3.0,2.0,9.0,82-68,2.0,4.0,Estrada,Walker,Osuna,3:03,N,34809.0,1,,2016,Monday,
474,2016-09-20,TOR,@,SEA,W,10.0,2.0,9.0,83-68,2.0,4.0,Happ,Iwakuma,None,3:33,N,33573.0,2,,2016,Tuesday,
475,2016-09-21,TOR,@,SEA,L-wo,1.0,2.0,12.0,83-69,2.0,5.0,Vincent,Dickey,None,4:23,D,39595.0,-1,,2016,Wednesday,
476,2016-09-23,TOR,Home,NYY,W,9.0,0.0,9.0,84-69,2.0,5.5,Liriano,Mitchell,None,3:06,N,47016.0,1,,2016,Friday,
477,2016-09-24,TOR,Home,NYY,W,3.0,0.0,9.0,85-69,2.0,5.5,Grilli,Clippard,Osuna,2:34,D,47828.0,2,,2016,Saturday,
478,2016-09-25,TOR,Home,NYY,W-wo,4.0,3.0,9.0,86-69,2.0,5.5,Osuna,Clippard,None,3:19,D,47896.0,3,,2016,Sunday,
479,2016-09-26,TOR,Home,NYY,L,5.0,7.0,9.0,86-70,2.0,6.0,Warren,Grilli,Layne,3:22,N,44532.0,-1,,2016,Monday,
480,2016-09-27,TOR,Home,BAL,W,5.0,1.0,9.0,87-70,2.0,5.0,Sanchez,Gausman,None,2:39,N,44762.0,1,,2016,Tuesday,
481,2016-09-28,TOR,Home,BAL,L,2.0,3.0,9.0,87-71,2.0,5.0,Duensing,Osuna,Britton,3:04,N,44668.0,-1,,2016,Wednesday,
482,2016-09-29,TOR,Home,BAL,L,0.0,4.0,9.0,87-72,2.0,5.0,Jimenez,Stroman,None,2:35,N,47791.0,-2,,2016,Thursday,
483,2016-09-30,TOR,@,BOS,L,3.0,5.0,9.0,87-73,3.0,6.0,Ziegler,Biagini,Kimbrel,3:25,N,37661.0,-3,,2016,Friday,
484,2016-10-01,TOR,@,BOS,W,4.0,3.0,9.0,88-73,2.0,5.0,Osuna,Kimbrel,None,3:29,N,37396.0,1,,2016,Saturday,
485,2016-10-02,TOR,@,BOS,W,2.0,1.0,9.0,89-73,2.0,4.0,Sanchez,Ziegler,Osuna,3:14,D,36787.0,2,,2016,Sunday,
486,2017-04-03,TOR,@,BAL,L-wo,2.0,3.0,11.0,0-1,4.0,1.0,Wilson,Grilli,None,3:41,D,45667.0,-1,,2017,Monday,
487,2017-04-05,TOR,@,BAL,L,1.0,3.0,9.0,0-2,5.0,2.0,Bundy,Happ,Britton,2:23,N,16086.0,-2,,2017,Wednesday,
488,2017-04-06,TOR,@,TBR,W,5.0,2.0,9.0,1-2,4.0,1.5,Stroman,Snell,Grilli,2:56,N,12678.0,1,,2017,Thursday,
489,2017-04-07,TOR,@,TBR,L,8.0,10.0,9.0,1-3,4.0,2.5,Cedeno,Howell,Colome,3:53,N,12842.0,-1,,2017,Friday,
490,2017-04-08,TOR,@,TBR,L-wo,2.0,3.0,11.0,1-4,4.0,3.5,Ramirez,Lawrence,None,3:55,N,21838.0,-2,,2017,Saturday,
491,2017-04-09,TOR,@,TBR,L,2.0,7.0,9.0,1-5,5.0,3.5,Odorizzi,Estrada,None,2:57,D,15341.0,-3,,2017,Sunday,
492,2017-04-11,TOR,Home,MIL,L,3.0,4.0,9.0,1-6,5.0,3.5,Peralta,Happ,Feliz,3:31,N,48456.0,-4,,2017,Tuesday,
493,2017-04-12,TOR,Home,MIL,L,0.0,2.0,9.0,1-7,5.0,4.5,Anderson,Stroman,Feliz,2:15,N,29919.0,-5,,2017,Wednesday,
494,2017-04-13,TOR,Home,BAL,L,1.0,2.0,9.0,1-8,5.0,5.5,Gausman,Liriano,Britton,2:45,N,32957.0,-6,,2017,Thursday,
495,2017-04-14,TOR,Home,BAL,L,4.0,6.0,9.0,1-9,5.0,6.5,Miley,Sanchez,Britton,3:18,N,39547.0,-7,,2017,Friday,
496,2017-04-15,TOR,Home,BAL,W-wo,2.0,1.0,9.0,2-9,5.0,5.5,Osuna,Wilson,None,2:39,D,40743.0,1,,2017,Saturday,
497,2017-04-16,TOR,Home,BAL,L,4.0,11.0,9.0,2-10,5.0,6.5,Bundy,Happ,None,3:30,D,38188.0,-1,,2017,Sunday,
498,2017-04-18,TOR,Home,BOS,L,7.0,8.0,9.0,2-11,5.0,6.5,Johnson,Stroman,None,3:48,N,29281.0,-2,,2017,Tuesday,
499,2017-04-19,TOR,Home,BOS,W,3.0,0.0,9.0,3-11,5.0,6.5,Liriano,Porcello,Osuna,2:45,N,30842.0,1,,2017,Wednesday,
500,2017-04-20,TOR,Home,BOS,L,1.0,4.0,10.0,3-12,5.0,7.5,Kimbrel,Grilli,None,3:07,D,44283.0,-1,,2017,Thursday,
501,2017-04-21,TOR,@,LAA,W,8.0,7.0,13.0,4-12,5.0,7.5,Tepera,Chavez,Biagini,5:36,N,40176.0,1,,2017,Friday,
502,2017-04-22,TOR,@,LAA,L,4.0,5.0,9.0,4-13,5.0,8.5,Skaggs,Lawrence,Norris,2:35,N,41345.0,-1,,2017,Saturday,
503,2017-04-23,TOR,@,LAA,W,6.0,2.0,9.0,5-13,5.0,7.5,Stroman,Guerra,None,2:51,D,35034.0,1,,2017,Sunday,
504,2017-04-24,TOR,@,LAA,L,1.0,2.0,9.0,5-14,5.0,8.5,Chavez,Liriano,Norris,3:02,N,25304.0,-1,,2017,Monday,
505,2017-04-25,TOR,@,STL,W,6.0,5.0,11.0,6-14,5.0,7.5,Grilli,Socolovich,Tepera,3:46,N,40223.0,1,,2017,Tuesday,
506,2017-04-27,TOR,@,STL,L-wo,4.0,8.0,11.0,6-15,5.0,9.0,Bowman,Tepera,None,3:32,D,40099.0,-1,,2017,Thursday,(1)
507,2017-04-27,TOR,@,STL,L,4.0,6.0,9.0,6-16,5.0,9.0,Wainwright,Lawrence,Rosenthal,2:56,N,40035.0,-2,,2017,Thursday,(2)
508,2017-04-28,TOR,Home,TBR,L,4.0,7.0,9.0,6-17,5.0,9.0,Pruitt,Grilli,Whitley,3:16,N,36256.0,-3,,2017,Friday,
509,2017-04-29,TOR,Home,TBR,W,4.0,1.0,9.0,7-17,5.0,9.0,Liriano,Andriese,Osuna,3:02,D,42419.0,1,,2017,Saturday,
510,2017-04-30,TOR,Home,TBR,W,3.0,1.0,9.0,8-17,5.0,8.0,Howell,Colome,Osuna,3:02,D,42986.0,2,,2017,Sunday,
511,2017-05-01,TOR,@,NYY,W,7.0,1.0,9.0,9-17,5.0,8.0,Estrada,Severino,None,2:58,N,25566.0,3,,2017,Monday,
512,2017-05-02,TOR,@,NYY,L,5.0,11.0,9.0,9-18,5.0,8.0,Tanaka,Latos,None,3:31,N,30058.0,-1,,2017,Tuesday,
513,2017-05-03,TOR,@,NYY,L,6.0,8.0,9.0,9-19,5.0,9.0,Betances,Biagini,Chapman,3:39,N,35559.0,-2,,2017,Wednesday,
514,2017-05-05,TOR,@,TBR,W,8.0,4.0,9.0,10-19,5.0,9.0,Loup,Diaz,None,3:32,N,12461.0,1,,2017,Friday,
515,2017-05-06,TOR,@,TBR,L,1.0,6.0,9.0,10-20,5.0,10.0,Odorizzi,Estrada,None,2:42,D,12035.0,-1,,2017,Saturday,
516,2017-05-07,TOR,@,TBR,W,2.0,1.0,9.0,11-20,5.0,10.0,Tepera,Cobb,Osuna,2:46,D,15068.0,1,,2017,Sunday,
517,2017-05-08,TOR,Home,CLE,W,4.0,2.0,9.0,12-20,5.0,10.0,Stroman,Bauer,Osuna,2:55,N,40014.0,2,,2017,Monday,
518,2017-05-09,TOR,Home,CLE,L,0.0,6.0,9.0,12-21,5.0,10.5,Carrasco,Bolsinger,None,2:46,N,32688.0,-1,,2017,Tuesday,
519,2017-05-10,TOR,Home,CLE,W-wo,8.0,7.0,9.0,13-21,5.0,9.5,Osuna,Allen,None,3:31,N,35115.0,1,,2017,Wednesday,
520,2017-05-11,TOR,Home,SEA,W,7.0,2.0,9.0,14-21,5.0,9.0,Estrada,De Jong,None,2:45,N,29120.0,2,,2017,Thursday,
521,2017-05-12,TOR,Home,SEA,W,4.0,0.0,9.0,15-21,5.0,8.0,Biagini,Bergman,None,2:36,N,32865.0,3,,2017,Friday,
522,2017-05-13,TOR,Home,SEA,W,7.0,2.0,9.0,16-21,5.0,7.0,Leone,Vincent,None,3:25,D,42346.0,4,,2017,Saturday,
523,2017-05-14,TOR,Home,SEA,W-wo,3.0,2.0,9.0,17-21,5.0,6.5,Tepera,Diaz,None,3:17,D,42030.0,5,,2017,Sunday,
524,2017-05-15,TOR,Home,ATL,L,6.0,10.0,9.0,17-22,5.0,7.0,Colon,Bolsinger,None,3:15,N,29766.0,-1,,2017,Monday,
525,2017-05-16,TOR,Home,ATL,L,5.0,9.0,9.0,17-23,5.0,8.0,Ramirez,Barnes,None,3:07,D,34431.0,-2,,2017,Tuesday,
526,2017-05-17,TOR,@,ATL,L,4.0,8.0,9.0,17-24,5.0,9.0,Foltynewicz,Biagini,None,2:59,N,28293.0,-3,,2017,Wednesday,
527,2017-05-18,TOR,@,ATL,W,9.0,0.0,9.0,18-24,5.0,8.0,Stroman,Teheran,None,3:02,N,25419.0,1,,2017,Thursday,
528,2017-05-19,TOR,@,BAL,L-wo,3.0,5.0,10.0,18-25,5.0,8.0,Givens,Grilli,None,3:29,N,31916.0,-1,,2017,Friday,
529,2017-05-20,TOR,@,BAL,L,5.0,7.0,9.0,18-26,5.0,8.5,Givens,Barnes,Brach,3:22,N,45416.0,-2,,2017,Saturday,
530,2017-05-21,TOR,@,BAL,W,3.0,1.0,9.0,19-26,5.0,8.0,Estrada,Miley,Osuna,2:31,D,36632.0,1,,2017,Sunday,
531,2017-05-23,TOR,@,MIL,W,4.0,3.0,9.0,20-26,5.0,7.5,Barnes,Nelson,Osuna,3:02,N,30742.0,2,,2017,Tuesday,
532,2017-05-24,TOR,@,MIL,W,8.0,4.0,9.0,21-26,5.0,7.5,Stroman,Garza,None,2:51,D,26607.0,3,,2017,Wednesday,
533,2017-05-26,TOR,Home,TEX,W,7.0,6.0,9.0,22-26,5.0,6.5,Loup,Griffin,Osuna,3:30,N,40754.0,4,,2017,Friday,
534,2017-05-27,TOR,Home,TEX,W,3.0,1.0,9.0,23-26,5.0,6.5,Estrada,Darvish,Osuna,3:16,D,46825.0,5,,2017,Saturday,
535,2017-05-28,TOR,Home,TEX,L,1.0,3.0,9.0,23-27,5.0,7.5,Cashner,Biagini,Bush,2:53,D,46188.0,-1,,2017,Sunday,
536,2017-05-29,TOR,Home,CIN,W,17.0,2.0,9.0,24-27,5.0,6.5,Stroman,Bonilla,None,3:06,N,29844.0,1,,2017,Monday,
537,2017-05-30,TOR,Home,CIN,W,6.0,4.0,9.0,25-27,5.0,6.5,Smith,Wood,Osuna,2:53,N,32747.0,2,,2017,Tuesday,
538,2017-05-31,TOR,Home,CIN,W,5.0,4.0,9.0,26-27,5.0,5.5,Grilli,Peralta,Osuna,2:53,D,44058.0,3,,2017,Wednesday,
539,2017-06-01,TOR,Home,NYY,L,2.0,12.0,9.0,26-28,5.0,6.5,Sabathia,Estrada,None,3:10,N,37722.0,-1,,2017,Thursday,
540,2017-06-02,TOR,Home,NYY,W,7.0,5.0,9.0,27-28,5.0,5.5,Liriano,Pineda,Osuna,3:13,N,44261.0,1,,2017,Friday,
541,2017-06-03,TOR,Home,NYY,L,0.0,7.0,9.0,27-29,5.0,6.5,Montgomery,Biagini,None,3:00,D,47226.0,-1,,2017,Saturday,
542,2017-06-04,TOR,Home,NYY,W,3.0,2.0,9.0,28-29,4.0,5.5,Smith,Clippard,Osuna,2:27,D,46782.0,1,,2017,Sunday,
543,2017-06-05,TOR,@,OAK,L,3.0,5.0,9.0,28-30,5.0,6.0,Manaea,Happ,Casilla,3:05,N,12890.0,-1,,2017,Monday,
544,2017-06-06,TOR,@,OAK,L,1.0,4.0,9.0,28-31,5.0,6.0,Hahn,Estrada,Casilla,2:45,N,16643.0,-2,,2017,Tuesday,
545,2017-06-07,TOR,@,OAK,W,7.0,5.0,10.0,29-31,5.0,6.0,Tepera,Montas,Osuna,3:20,D,15076.0,1,,2017,Wednesday,
546,2017-06-09,TOR,@,SEA,L,2.0,4.0,9.0,29-32,5.0,7.5,Cloyd,Biagini,Diaz,2:53,N,33518.0,-1,,2017,Friday,
547,2017-06-10,TOR,@,SEA,W,4.0,2.0,9.0,30-32,5.0,7.5,Stroman,Zych,Osuna,2:44,N,45480.0,1,,2017,Saturday,
548,2017-06-11,TOR,@,SEA,W,4.0,0.0,9.0,31-32,5.0,7.5,Happ,Paxton,Osuna,3:01,D,41137.0,2,,2017,Sunday,
549,2017-06-13,TOR,Home,TBR,L,1.0,8.0,9.0,31-33,5.0,8.0,Faria,Estrada,None,3:15,N,39404.0,-1,,2017,Tuesday,
550,2017-06-14,TOR,Home,TBR,W,7.0,6.0,9.0,32-33,5.0,7.0,Smith,Alvarado,Osuna,3:07,N,37734.0,1,,2017,Wednesday,
551,2017-06-16,TOR,Home,CHW,L,4.0,11.0,9.0,32-34,4.0,6.5,Quintana,Biagini,None,3:05,N,39071.0,-1,,2017,Friday,
552,2017-06-17,TOR,Home,CHW,L,2.0,5.0,9.0,32-35,5.0,6.5,Pelfrey,Stroman,Robertson,2:44,D,47171.0,-2,,2017,Saturday,
553,2017-06-18,TOR,Home,CHW,W,7.0,3.0,9.0,33-35,5.0,5.5,Happ,Swarzak,None,3:01,D,46599.0,1,,2017,Sunday,
554,2017-06-19,TOR,@,TEX,W,7.0,6.0,9.0,34-35,4.0,5.0,Beliveau,Bush,Osuna,3:48,N,25115.0,2,,2017,Monday,
555,2017-06-20,TOR,@,TEX,L,1.0,6.0,9.0,34-36,5.0,5.5,Martinez,Liriano,None,3:06,N,24169.0,-1,,2017,Tuesday,
556,2017-06-21,TOR,@,TEX,W,7.0,5.0,9.0,35-36,4.0,5.0,Biagini,Ross,Osuna,3:20,N,28376.0,1,,2017,Wednesday,
557,2017-06-22,TOR,@,TEX,L,4.0,11.0,9.0,35-37,4.0,5.0,Perez,Stroman,None,3:07,D,26764.0,-1,,2017,Thursday,
558,2017-06-23,TOR,@,KCR,L-wo,4.0,5.0,9.0,35-38,4.0,6.0,Soria,Loup,None,3:16,N,38848.0,-2,,2017,Friday,
559,2017-06-24,TOR,@,KCR,L,2.0,3.0,9.0,35-39,5.0,6.0,Vargas,Estrada,Herrera,2:26,D,26938.0,-3,,2017,Saturday,
560,2017-06-25,TOR,@,KCR,W,8.0,2.0,9.0,36-39,5.0,5.0,Liriano,Alexander,None,3:21,D,37182.0,1,,2017,Sunday,
561,2017-06-27,TOR,Home,BAL,L,1.0,3.0,9.0,36-40,5.0,6.5,Gausman,Biagini,Brach,3:00,N,40606.0,-1,,2017,Tuesday,
562,2017-06-28,TOR,Home,BAL,W,4.0,0.0,9.0,37-40,5.0,5.5,Stroman,Miley,None,2:27,N,38847.0,1,,2017,Wednesday,
563,2017-06-29,TOR,Home,BAL,L,0.0,2.0,9.0,37-41,5.0,6.5,Jimenez,Happ,Brach,2:20,N,37291.0,-1,,2017,Thursday,
564,2017-06-30,TOR,Home,BOS,L,4.0,7.0,11.0,37-42,5.0,7.5,Boyer,Loup,Kimbrel,4:44,N,41357.0,-2,,2017,Friday,
565,2017-07-01,TOR,Home,BOS,L,1.0,7.0,9.0,37-43,5.0,8.5,Sale,Liriano,None,2:54,D,46672.0,-3,,2017,Saturday,
566,2017-07-02,TOR,Home,BOS,L,1.0,15.0,9.0,37-44,5.0,9.5,Pomeranz,Biagini,Abad,3:34,D,46696.0,-4,,2017,Sunday,
567,2017-07-03,TOR,@,NYY,L,3.0,6.0,9.0,37-45,5.0,10.5,Tanaka,Stroman,None,3:11,N,46616.0,-5,,2017,Monday,
568,2017-07-04,TOR,@,NYY,W,4.0,1.0,9.0,38-45,5.0,10.5,Happ,Sabathia,Osuna,3:08,D,44018.0,1,,2017,Tuesday,
569,2017-07-05,TOR,@,NYY,W,7.0,6.0,9.0,39-45,5.0,9.5,Barnes,Betances,Osuna,3:28,D,38691.0,2,,2017,Wednesday,
570,2017-07-06,TOR,Home,HOU,W,7.0,4.0,9.0,40-45,4.0,8.5,Liriano,McCullers,Osuna,3:18,N,40949.0,3,,2017,Thursday,
571,2017-07-07,TOR,Home,HOU,L,2.0,12.0,9.0,40-46,4.0,9.5,Morton,Sanchez,None,3:00,N,37332.0,-1,,2017,Friday,
572,2017-07-08,TOR,Home,HOU,W,7.0,2.0,9.0,41-46,4.0,8.5,Stroman,Fiers,None,2:44,D,46659.0,1,,2017,Saturday,
573,2017-07-09,TOR,Home,HOU,L,1.0,19.0,9.0,41-47,5.0,8.5,Peacock,Happ,None,3:24,D,46622.0,-1,,2017,Sunday,
574,2017-07-14,TOR,@,DET,W,7.0,2.0,9.0,42-47,4.0,8.5,Sanchez,Verlander,None,3:48,N,37879.0,1,,2017,Friday,
575,2017-07-15,TOR,@,DET,L,1.0,11.0,9.0,42-48,4.0,8.5,Fulmer,Liriano,None,2:47,N,40036.0,-1,,2017,Saturday,
576,2017-07-16,TOR,@,DET,L-wo,5.0,6.0,11.0,42-49,4.0,9.0,Saupold,Beliveau,None,4:16,D,37173.0,-2,,2017,Sunday,
577,2017-07-17,TOR,@,BOS,W,4.0,3.0,9.0,43-49,4.0,8.0,Tepera,Hembree,Osuna,3:18,N,36144.0,1,,2017,Monday,
578,2017-07-18,TOR,@,BOS,L-wo,4.0,5.0,15.0,43-50,5.0,9.0,Velazquez,Bolsinger,None,4:59,N,36488.0,-1,,2017,Tuesday,
579,2017-07-19,TOR,@,BOS,L,1.0,5.0,9.0,43-51,5.0,10.0,Pomeranz,Sanchez,None,2:47,N,37360.0,-2,,2017,Wednesday,
580,2017-07-20,TOR,@,BOS,W,8.0,6.0,9.0,44-51,5.0,9.0,Leone,Fister,Osuna,3:25,D,37094.0,1,,2017,Thursday,
581,2017-07-21,TOR,@,CLE,L,3.0,13.0,9.0,44-52,5.0,10.0,Bauer,Estrada,None,3:23,N,34284.0,-1,,2017,Friday,
582,2017-07-22,TOR,@,CLE,L-wo,1.0,2.0,10.0,44-53,5.0,10.0,Shaw,Barnes,None,3:01,N,34569.0,-2,,2017,Saturday,
583,2017-07-23,TOR,@,CLE,L,1.0,8.0,9.0,44-54,5.0,10.0,Kluber,Happ,None,2:53,D,30701.0,-3,,2017,Sunday,
584,2017-07-24,TOR,Home,OAK,W,4.0,2.0,9.0,45-54,5.0,9.0,Liriano,Smith,Osuna,2:37,N,39613.0,1,,2017,Monday,
585,2017-07-25,TOR,Home,OAK,W,4.0,1.0,9.0,46-54,5.0,8.0,Valdez,Gray,Osuna,2:55,N,40624.0,2,,2017,Tuesday,
586,2017-07-26,TOR,Home,OAK,W-wo,3.0,2.0,9.0,47-54,5.0,8.0,Biagini,Casilla,None,2:51,N,41984.0,3,,2017,Wednesday,
587,2017-07-27,TOR,Home,OAK,W-wo,8.0,4.0,10.0,48-54,5.0,7.5,Osuna,Hendriks,None,3:28,D,47484.0,4,,2017,Thursday,
588,2017-07-28,TOR,Home,LAA,L,2.0,7.0,9.0,48-55,5.0,8.0,Bridwell,Happ,None,2:47,N,39828.0,-1,,2017,Friday,
589,2017-07-29,TOR,Home,LAA,L,5.0,6.0,9.0,48-56,5.0,9.0,Scribner,Osuna,Norris,2:52,D,46502.0,-2,,2017,Saturday,
590,2017-07-30,TOR,Home,LAA,W-wo,11.0,10.0,9.0,49-56,5.0,8.0,Dermody,Norris,None,3:38,D,46852.0,1,,2017,Sunday,
591,2017-07-31,TOR,@,CHW,L-wo,6.0,7.0,9.0,49-57,5.0,9.0,Beck,Osuna,None,3:01,N,13023.0,-1,,2017,Monday,
592,2017-08-01,TOR,@,CHW,W,8.0,4.0,9.0,50-57,5.0,8.5,Stroman,Pelfrey,None,3:22,N,14622.0,1,,2017,Tuesday,
593,2017-08-02,TOR,@,CHW,W,5.0,1.0,9.0,51-57,5.0,8.0,Happ,Holland,Osuna,3:15,D,20878.0,2,,2017,Wednesday,
594,2017-08-04,TOR,@,HOU,L,7.0,16.0,9.0,51-58,5.0,9.5,Peacock,Valdez,None,3:05,N,39287.0,-1,,2017,Friday,
595,2017-08-05,TOR,@,HOU,W,4.0,3.0,10.0,52-58,5.0,9.5,Tepera,Liriano,Osuna,3:16,N,41950.0,1,,2017,Saturday,
596,2017-08-06,TOR,@,HOU,L-wo,6.0,7.0,9.0,52-59,5.0,10.5,Martes,Osuna,None,3:16,D,36300.0,-1,,2017,Sunday,
597,2017-08-08,TOR,Home,NYY,W,4.0,2.0,9.0,53-59,5.0,10.5,Happ,Sabathia,Osuna,2:50,N,41596.0,1,,2017,Tuesday,
598,2017-08-09,TOR,Home,NYY,L,5.0,11.0,9.0,53-60,5.0,11.5,Green,Tepesch,None,3:44,N,39554.0,-1,,2017,Wednesday,
599,2017-08-10,TOR,Home,NYY,W,4.0,0.0,9.0,54-60,5.0,11.0,Estrada,Gray,None,2:55,N,43212.0,1,,2017,Thursday,
600,2017-08-11,TOR,Home,PIT,L,2.0,4.0,9.0,54-61,5.0,11.0,Taillon,Stroman,Rivero,2:41,N,35965.0,-1,,2017,Friday,
601,2017-08-12,TOR,Home,PIT,W,7.0,2.0,9.0,55-61,5.0,11.0,Rowley,Williams,None,2:50,D,46179.0,1,,2017,Saturday,
602,2017-08-13,TOR,Home,PIT,W,7.0,1.0,9.0,56-61,5.0,11.0,Happ,Kuhl,None,2:51,D,43618.0,2,,2017,Sunday,
603,2017-08-14,TOR,Home,TBR,W,2.0,1.0,9.0,57-61,5.0,10.0,Tepesch,Odorizzi,Osuna,2:54,N,32151.0,3,,2017,Monday,
604,2017-08-15,TOR,Home,TBR,L,4.0,6.0,9.0,57-62,5.0,11.0,Snell,Estrada,Colome,3:13,N,33718.0,-1,,2017,Tuesday,
605,2017-08-16,TOR,Home,TBR,W,3.0,2.0,9.0,58-62,5.0,11.0,Stroman,Faria,Osuna,3:10,N,36784.0,1,,2017,Wednesday,
606,2017-08-17,TOR,Home,TBR,W,5.0,3.0,9.0,59-62,3.0,10.5,Leone,Hunter,Osuna,3:01,D,46855.0,2,,2017,Thursday,
607,2017-08-18,TOR,@,CHC,L,4.0,7.0,9.0,59-63,4.0,11.5,Arrieta,Happ,Davis,3:02,D,41814.0,-1,,2017,Friday,
608,2017-08-19,TOR,@,CHC,L,3.0,4.0,9.0,59-64,4.0,11.5,Quintana,Barnes,Davis,3:09,D,41558.0,-2,,2017,Saturday,
609,2017-08-20,TOR,@,CHC,L-wo,5.0,6.0,10.0,59-65,5.0,12.5,Wilson,Osuna,None,3:44,D,41459.0,-3,,2017,Sunday,
610,2017-08-22,TOR,@,TBR,L,5.0,6.0,9.0,59-66,5.0,13.0,Archer,Rowley,Colome,2:54,N,11948.0,-4,,2017,Tuesday,
611,2017-08-23,TOR,@,TBR,W,7.0,6.0,9.0,60-66,5.0,13.0,Tepera,Hunter,Osuna,3:13,N,8264.0,1,,2017,Wednesday,
612,2017-08-24,TOR,@,TBR,L,0.0,2.0,9.0,60-67,5.0,13.0,Cishek,Koehler,Colome,3:21,D,10133.0,-1,,2017,Thursday,
613,2017-08-25,TOR,Home,MIN,L,1.0,6.0,9.0,60-68,5.0,13.0,Colon,Happ,None,3:05,N,37525.0,-2,,2017,Friday,
614,2017-08-26,TOR,Home,MIN,W,10.0,9.0,9.0,61-68,5.0,12.0,Estrada,Gee,Osuna,3:04,D,45591.0,1,,2017,Saturday,
615,2017-08-27,TOR,Home,MIN,L,2.0,7.0,9.0,61-69,5.0,12.0,Gibson,Biagini,None,3:18,D,42478.0,-1,,2017,Sunday,
616,2017-08-28,TOR,Home,BOS,L,5.0,6.0,9.0,61-70,5.0,13.0,Pomeranz,Barnes,Kimbrel,3:23,N,35630.0,-2,,2017,Monday,
617,2017-08-29,TOR,Home,BOS,L,0.0,3.0,9.0,61-71,5.0,14.0,Sale,Anderson,Kimbrel,2:44,N,34674.0,-3,,2017,Tuesday,
618,2017-08-30,TOR,Home,BOS,L,1.0,7.0,9.0,61-72,5.0,15.0,Porcello,Koehler,None,2:58,N,37693.0,-4,,2017,Wednesday,
619,2017-08-31,TOR,@,BAL,W,11.0,8.0,9.0,62-72,5.0,14.0,Estrada,Hellickson,Osuna,3:28,N,13802.0,1,,2017,Thursday,
620,2017-09-01,TOR,@,BAL,L-wo,0.0,1.0,13.0,62-73,5.0,15.0,Yacabonis,Loup,None,4:27,N,16627.0,-1,,2017,Friday,
621,2017-09-02,TOR,@,BAL,W,7.0,2.0,9.0,63-73,5.0,14.0,Dermody,Miley,None,3:02,N,14815.0,1,,2017,Saturday,
622,2017-09-03,TOR,@,BAL,L-wo,4.0,5.0,12.0,63-74,5.0,14.0,Yacabonis,Barnes,None,3:40,D,27231.0,-1,,2017,Sunday,
623,2017-09-04,TOR,@,BOS,W,10.0,4.0,9.0,64-74,5.0,13.0,Happ,Porcello,None,3:25,N,34311.0,1,,2017,Monday,
624,2017-09-05,TOR,@,BOS,L-wo,2.0,3.0,19.0,64-75,5.0,14.0,Velazquez,Rowley,None,6:00,N,33009.0,-1,,2017,Tuesday,
625,2017-09-06,TOR,@,BOS,L,1.0,6.0,9.0,64-76,5.0,15.0,Fister,Biagini,None,2:57,N,33190.0,-2,,2017,Wednesday,
626,2017-09-08,TOR,Home,DET,L,4.0,5.0,9.0,64-77,5.0,16.0,Farmer,Stroman,Greene,2:34,N,31961.0,-3,,2017,Friday,
627,2017-09-09,TOR,Home,DET,W,5.0,4.0,9.0,65-77,5.0,16.0,Anderson,Saupold,Tepera,3:03,D,44218.0,1,,2017,Saturday,
628,2017-09-10,TOR,Home,DET,W,8.0,2.0,9.0,66-77,5.0,15.0,Happ,Sanchez,Santos,2:48,D,39797.0,2,,2017,Sunday,
629,2017-09-11,TOR,Home,BAL,W,4.0,3.0,9.0,67-77,5.0,14.5,Estrada,Jimenez,Leone,2:44,N,28401.0,3,,2017,Monday,
630,2017-09-12,TOR,Home,BAL,W-wo,3.0,2.0,9.0,68-77,5.0,14.5,Mayza,Britton,None,2:40,N,29055.0,4,,2017,Tuesday,
631,2017-09-13,TOR,Home,BAL,L,1.0,2.0,9.0,68-78,5.0,14.5,Gausman,Stroman,Britton,2:40,N,31714.0,-1,,2017,Wednesday,
632,2017-09-14,TOR,@,MIN,L-wo,2.0,3.0,10.0,68-79,5.0,15.5,Gee,Santos,None,3:29,N,22664.0,-2,,2017,Thursday,
633,2017-09-15,TOR,@,MIN,W,4.0,3.0,9.0,69-79,5.0,15.5,Happ,Colon,Osuna,2:57,N,27902.0,1,,2017,Friday,
634,2017-09-16,TOR,@,MIN,W,7.0,2.0,9.0,70-79,5.0,15.5,Estrada,Mejia,None,2:50,N,29917.0,2,,2017,Saturday,
635,2017-09-17,TOR,@,MIN,L,7.0,13.0,9.0,70-80,5.0,15.5,Gibson,Biagini,None,3:17,D,27572.0,-1,,2017,Sunday,
636,2017-09-19,TOR,Home,KCR,W,5.0,2.0,9.0,71-80,5.0,16.0,Stroman,Kennedy,Osuna,2:27,N,33554.0,1,,2017,Tuesday,
637,2017-09-20,TOR,Home,KCR,L,5.0,15.0,9.0,71-81,5.0,17.0,Junis,Anderson,None,3:01,N,33050.0,-1,,2017,Wednesday,
638,2017-09-21,TOR,Home,KCR,L,0.0,1.0,9.0,71-82,5.0,17.5,Vargas,Happ,Minor,2:39,N,35861.0,-2,,2017,Thursday,
639,2017-09-22,TOR,Home,NYY,W,8.0,1.0,9.0,72-82,5.0,17.5,Estrada,Tanaka,None,2:32,N,42153.0,1,,2017,Friday,
640,2017-09-23,TOR,Home,NYY,L,1.0,5.0,9.0,72-83,5.0,18.5,Gray,Biagini,None,2:54,D,46949.0,-1,,2017,Saturday,
641,2017-09-24,TOR,Home,NYY,W,9.0,5.0,9.0,73-83,5.0,18.5,Stroman,Garcia,None,3:17,D,47394.0,1,,2017,Sunday,
642,2017-09-25,TOR,@,BOS,W,6.0,4.0,9.0,74-83,5.0,17.5,Anderson,Pomeranz,Osuna,2:57,N,33940.0,2,,2017,Monday,
643,2017-09-26,TOR,@,BOS,W,9.0,4.0,9.0,75-83,4.0,16.5,Happ,Sale,None,3:04,N,33999.0,3,,2017,Tuesday,
644,2017-09-27,TOR,@,BOS,L,7.0,10.0,9.0,75-84,4.0,17.5,Porcello,Estrada,None,2:57,N,34445.0,-1,,2017,Wednesday,
645,2017-09-29,TOR,@,NYY,L,0.0,4.0,9.0,75-85,4.0,17.0,Tanaka,Biagini,Chapman,2:51,D,35735.0,-2,,2017,Friday,
646,2017-09-30,TOR,@,NYY,L,1.0,2.0,9.0,75-86,4.0,18.0,Sabathia,Stroman,Chapman,2:57,D,39457.0,-3,,2017,Saturday,
647,2017-10-01,TOR,@,NYY,W,2.0,1.0,9.0,76-86,4.0,17.0,Barnes,German,Osuna,2:28,D,37428.0,1,,2017,Sunday,
